participant_id,run,lab,artifact_delta_power_rel,non_artifact_delta_power_rel,artifact_theta_power_rel,non_artifact_theta_power_rel,artifact_alpha_power_rel,non_artifact_alpha_power_rel,artifact_beta_power_rel,non_artifact_beta_power_rel,artifact_gamma_power_rel,non_artifact_gamma_power_rel,artifact_variance,non_artifact_variance,artifact_std,non_artifact_std,artifact_50hz_rel,non_artifact_50hz_rel,artifact_emg_std,non_artifact_emg_std,artifact_emg_rms,non_artifact_emg_rms,artifact_emg_mad,non_artifact_emg_mad
sub-023,1,lab_4,0.0016329357,0.0010451206,0.001639353,0.0008138159,0.00060594967,0.0002472109,0.00010131581,4.3228923e-05,3.9403676e-06,0.00023474277,1.4196299e-08,2.1260043e-08,0.00011914822,0.00014489931,9.766663e-06,0.00760562,4.434034053701907e-06,5.4158786952029914e-05,4.682703092839802e-06,5.418036744231358e-05,2.6185703063674737e-06,2.8252994525246322e-05
sub-026,1,lab_4,0.0016546226,0.0018675413,0.0015959283,0.0014706673,0.0005502758,0.0005297387,0.00011505739,0.00010598594,6.7461215e-06,6.4181486e-06,5.3290483e-09,7.461628e-09,7.300033e-05,8.626245e-05,1.5475285e-05,1.41164255e-05,1.6331590586560196e-06,7.104915766831255e-06,1.6517213907718542e-06,7.108918907761108e-06,5.974822556709114e-07,7.468528906429128e-07
sub-029,1,lab_4,0.001846512,0.0023319556,0.0012014301,0.001200471,0.00064088474,0.00045269495,0.00012587366,8.59659e-05,1.6983902e-05,9.975539e-06,4.2252837e-09,1.160617e-08,6.500218e-05,0.00010356311,0.00030562654,0.00012423792,0.000603969965595752,0.0005900603136979043,0.0006039728177711368,0.0005900654941797256,0.0006031853845342994,0.0005449873860925436
sub-031,1,lab_4,0.0022023725,0.0027246526,0.0028423346,0.0010081116,0.0011403634,0.00034852463,0.00021471879,7.975239e-05,1.0156439e-05,6.8681693e-06,7.277337e-09,1.979933e-08,8.530731e-05,0.00013285938,5.7345267e-05,2.2588354e-05,1.0995464435836766e-05,9.164329821942374e-05,1.1307162822049577e-05,9.167924145003781e-05,3.602197239160887e-06,3.914387707482092e-05
sub-036,1,lab_4,0.00128215,0.0017451046,0.0018706587,0.0015819946,0.0006348401,0.0005305296,0.00011086546,0.00010096436,4.1149947e-06,7.912726e-06,1.4090499e-08,1.4554717e-08,0.00011870341,0.00011932541,1.2880689e-05,1.7488037e-05,3.192987151123816e-06,9.666799996921327e-06,3.205386974514113e-06,9.671483894635458e-06,2.0553902686515357e-06,2.3294423954212107e-06
sub-037,1,lab_4,0.0017143383,0.0017565073,0.0016176457,0.0014771248,0.00056957005,0.0006237949,9.638479e-05,0.000104307735,4.813064e-06,6.7794763e-06,1.27096715e-08,1.1018205e-08,0.00011273718,0.00010473451,1.14352715e-05,1.9941564e-05,8.757187060837168e-06,1.4944605936761945e-05,9.115798093262129e-06,1.5156199879129417e-05,3.799862724918057e-06,4.710246685135644e-06
sub-038,1,lab_3,0.0029941197,0.0018844602,0.00070061476,0.0012089958,0.0002874346,0.0005378509,0.00012132771,0.00016958591,2.5101056e-07,2.1856061e-07,2.1033777e-09,1.0943341e-09,4.5862595e-05,3.0944073e-05,1.392332e-07,8.200687e-08,2.2340682335197926e-05,1.6268715626210906e-05,2.2363859898177907e-05,1.629865073482506e-05,1.0720622412918601e-05,5.082490133645479e-06
sub-038,2,lab_3,0.0018879058,0.0018418392,0.0010909081,0.0011986137,0.00048096708,0.00053136365,0.00020803593,0.00018229545,3.191409e-07,7.500389e-08,6.8477585e-10,1.087347e-09,2.6168222e-05,3.0840343e-05,1.950609e-07,2.0224663e-08,2.0725317881442606e-05,1.5842872016946785e-05,2.0729237803607248e-05,1.5847734175622463e-05,9.785107977222651e-06,4.916975740343332e-06
sub-039,1,lab_3,0.016146375,0.0014290402,0.011175472,0.0014704909,0.0179737,0.0006482533,0.0036414366,0.00017704022,3.7123973e-06,5.7176305e-08,1.3504837e-09,2.1381308e-09,3.6748927e-05,4.4977223e-05,2.133785e-06,3.4180992e-08,3.076080702157924e-06,8.613457794126589e-06,3.880766143993242e-06,8.930417607189156e-06,1.6064698229456553e-06,2.538795797590865e-06
sub-039,2,lab_3,0.027984368,0.0013776906,0.024898479,0.001343461,0.0067003276,0.0007240701,0.0019642054,0.00019838745,1.0590699e-05,7.357427e-08,3.5460446e-09,1.91211e-09,5.9548674e-05,4.157812e-05,7.873609e-06,3.9334566e-08,3.113091452178196e-06,9.014691386255436e-06,4.621741936716717e-06,9.647396836953703e-06,1.7186312106787227e-06,2.489540065653273e-06
sub-040,1,lab_3,0.0029198176,0.001451206,0.0007088973,0.0013047773,0.00036004276,0.0006700487,0.00011807671,0.00020418447,2.724801e-07,1.2994253e-07,1.7393644e-09,1.488882e-09,4.1705687e-05,3.5828845e-05,1.6441007e-07,4.546514e-08,1.1960337360505946e-05,1.012803113553673e-05,1.2023278941342141e-05,1.0200272299698554e-05,5.921355295868125e-06,3.6008241295348853e-06
sub-040,2,lab_3,0.0027644676,0.002001564,0.0008716606,0.0011688315,0.00038949726,0.0006097545,0.00010338167,0.00013957247,1.3065101e-06,1.5702233e-07,5.5393716e-09,3.9373127e-09,7.442696e-05,6.082713e-05,8.7448035e-07,6.538705e-08,1.717225313768722e-05,1.322275693382835e-05,1.7201351511175744e-05,1.3261244021123275e-05,7.162890142353717e-06,3.479118049654062e-06
sub-041,1,lab_3,0.02659446,0.0014403451,0.013106039,0.0013953522,0.010673135,0.0007388257,0.0034959805,0.00017027569,1.0156817e-06,5.3338315e-08,1.1914771e-09,2.0619033e-09,3.451778e-05,4.412814e-05,3.601012e-07,2.1056781e-08,5.562771093536867e-06,6.304650469246553e-06,6.302788733592024e-06,6.954574018891435e-06,2.997978072016849e-06,1.9253070604463574e-06
sub-041,2,lab_3,0.0031159928,0.0017069068,0.0026342482,0.0013605062,0.0027344895,0.00073715585,0.00052894105,0.00012698023,4.8695324e-07,6.0957326e-08,2.7015494e-09,2.8260305e-09,5.1976433e-05,5.259119e-05,3.4499186e-07,4.2016904e-08,3.242192542529665e-05,2.8542348445625976e-05,3.262015525251627e-05,2.8762467991327867e-05,1.898044502013363e-05,1.7219272194779478e-05
sub-042,1,lab_3,0.012449539,0.001846929,0.0065399073,0.0012558791,0.00928882,0.0006650625,0.00089540397,0.00013993245,2.0323534e-06,9.5790796e-08,1.8289502e-09,3.781619e-09,4.2766227e-05,6.0973995e-05,1.38626e-06,7.1641935e-08,4.4091910240240395e-05,3.150678094243631e-05,4.422607526066713e-05,3.170308264088817e-05,2.6315823561162688e-05,1.9492606952553615e-05
sub-042,2,lab_3,0.0040685628,0.0014796321,0.0035431555,0.0012683227,0.002078076,0.000577776,0.0007259177,0.00022690569,4.453356e-07,6.896455e-08,3.6571435e-10,5.8776184e-10,1.912366e-05,2.374572e-05,1.9520529e-07,2.1189145e-08,3.2767402444733307e-06,5.137233074492542e-06,3.4721201700449456e-06,5.267025244393153e-06,1.965362116607139e-06,2.1618982373183826e-06
sub-042,3,lab_3,0.0009221547,0.0015642527,0.0011993134,0.0013620472,0.0012720586,0.0007520517,0.00026021615,0.0001515848,3.5514802e-07,4.9608374e-08,6.4410375e-09,3.6034251e-09,8.0256075e-05,5.9661234e-05,2.7469397e-07,2.3955264e-08,3.496717909001745e-05,3.634687527664937e-05,3.507085421006195e-05,3.6451656342251226e-05,2.1880154235986993e-05,2.1857327737961896e-05
sub-043,1,lab_3,0.0043707406,0.0018981036,0.00018257202,0.0011353553,6.204788e-05,0.00052230596,1.7217051e-05,0.00018638116,4.094926e-07,2.707372e-07,5.8977196e-09,2.7822947e-10,7.679661e-05,1.6003394e-05,1.3005403e-07,8.5972516e-08,2.5710551199153997e-05,1.8168922906625085e-05,2.5712182832648978e-05,1.8170119801652618e-05,1.0222019227512646e-05,6.969558398850495e-06
sub-044,1,lab_3,0.003698403,0.0017606528,0.0004890329,0.0012366931,0.00018005024,0.00058379746,5.465745e-05,0.00017831106,2.3703069e-07,1.0756898e-07,1.4632691e-09,5.529201e-10,3.82527e-05,2.3161338e-05,7.173803e-08,6.0384565e-08,1.638613139220979e-05,1.3528157069231384e-05,1.6742924344725907e-05,1.3955056601844262e-05,8.395941222261172e-06,4.7697876652819104e-06
sub-044,2,lab_3,0.0038582303,0.0015521635,0.0004173814,0.0012997376,0.00014876471,0.0005974539,4.5905752e-05,0.00020142007,3.150467e-07,5.5564676e-08,2.2705482e-09,5.449375e-10,4.765027e-05,2.2989365e-05,1.9597408e-07,5.8719866e-08,2.06212280318141e-05,1.3939444215793628e-05,2.08473556995159e-05,1.427761344530154e-05,1.0193980415351689e-05,4.793240805156529e-06
sub-046,1,lab_3,0.0013901709,0.0019887504,0.0013416819,0.0011176022,0.000717495,0.00052306283,0.00019826979,0.0001731877,6.6110846e-07,7.903877e-08,4.0160295e-10,3.4807812e-10,2.0040034e-05,1.8407025e-05,5.023832e-07,1.6210642e-08,7.1404874688596465e-06,9.678876267571468e-06,7.145207291614497e-06,9.682066774985287e-06,2.7299608973407885e-06,4.054795226693386e-06
sub-046,2,lab_3,0.0016569494,0.0019653696,0.0016142862,0.0010983166,0.000702195,0.00053591933,0.00022976148,0.0001795747,2.7281072e-07,7.95204e-08,4.046806e-10,3.0896594e-10,2.0116675e-05,1.7394332e-05,1.7302328e-07,2.0760094e-08,5.384346422943054e-06,8.058765160967596e-06,5.385817075875821e-06,8.059620995481964e-06,2.5555048068781616e-06,3.361181143191061e-06
sub-046,3,lab_3,0.0016161253,0.0017360736,0.000982468,0.0012699729,0.0008530674,0.00077778136,0.00020192437,0.00013193053,4.9682353e-07,6.5365015e-08,6.256729e-09,4.1331654e-09,7.909949e-05,6.3049694e-05,3.9997116e-07,5.316253e-08,2.754830347839743e-05,2.3502039766754024e-05,2.7952408345299773e-05,2.397290700173471e-05,1.4909224773873575e-05,1.4122728316579014e-05
sub-047,1,lab_3,0.004022916,0.00168472,0.0004423769,0.0014601226,0.00010948117,0.0006422589,1.7776601e-05,0.00013094745,1.9803505e-07,9.305234e-08,3.2812952e-09,3.062483e-10,5.7282592e-05,1.7422986e-05,1.1010009e-07,5.0050584e-08,1.659914960328024e-05,7.136314252420561e-06,1.6768921341281384e-05,7.525940873165382e-06,5.405813681136351e-06,3.4655527088034432e-06
sub-048,2,lab_3,0.03233408,0.0013855986,0.015997324,0.0014951207,0.009043497,0.000762977,0.0018545742,0.00015442545,4.5498103e-07,4.9698496e-08,2.424485e-09,2.8593374e-09,4.923906e-05,5.2434527e-05,5.4081443e-08,1.9184837e-08,3.1487466003454756e-06,7.021226338110864e-06,3.240399109927239e-06,7.0629967012791894e-06,1.913023425004212e-06,2.5506981273792917e-06
sub-048,3,lab_3,0.010369021,0.0017595845,0.013864168,0.0013434374,0.0034491285,0.00075314986,0.0009655654,0.000116696916,3.7641562e-06,7.599483e-08,2.2569024e-09,2.9700495e-09,4.7506866e-05,5.409878e-05,3.2788955e-06,5.0896745e-08,2.4979925001389347e-05,2.9688892027479596e-05,2.5000766981975175e-05,2.9706428904319182e-05,1.599067763891071e-05,1.8170123439631425e-05
sub-050,1,lab_3,0.0026469806,0.0014454524,0.0010391265,0.0012498492,0.0003953705,0.0008389185,8.9643065e-05,0.00018004079,2.716519e-07,5.481637e-08,2.9342677e-09,6.7516953e-10,5.4168882e-05,2.4831721e-05,2.0501575e-07,1.6164256e-08,1.7663041944615543e-05,1.0464949809829704e-05,1.7941063561011106e-05,1.096462528948905e-05,2.9030898076598532e-06,3.491554025458754e-06
sub-050,2,lab_3,0.0030189424,0.0022568782,0.00034708873,0.00059260894,0.0003078518,0.00043618216,0.00017943012,0.00024812797,5.7514217e-06,4.531744e-06,3.5424796e-13,4.073207e-13,5.951873e-07,6.2527255e-07,2.3772418e-06,1.9122822e-06,1.0721725629991852e-05,1.1518699466250837e-05,1.1281084880465642e-05,1.2040883120789658e-05,4.307179096940672e-06,4.757015631184913e-06
sub-051,1,lab_3,0.0037635462,0.002135447,0.0003272372,0.0010205585,0.00019310859,0.0004808416,7.4434385e-05,0.00017546059,2.3568548e-07,1.2413533e-07,8.642911e-10,3.2348846e-10,2.9398829e-05,1.7867123e-05,1.4408259e-07,7.389986e-08,1.4125214875093661e-05,1.1387210179236718e-05,1.4127816939435434e-05,1.1389710380171891e-05,6.143541668279795e-06,4.2077208490809426e-06
sub-053,1,lab_3,0.004270442,0.0019634217,0.00024450658,0.0011708683,7.7733326e-05,0.000506414,1.8209135e-05,0.00017046831,1.186601e-06,7.399901e-08,5.0401443e-09,1.4309401e-10,7.099397e-05,1.1933589e-05,9.2391474e-07,3.2984044e-08,1.961466477951035e-05,1.4535041373164859e-05,1.969102959265001e-05,1.4637958884122781e-05,5.629587576549966e-06,4.3544519030547235e-06
sub-053,2,lab_3,0.004434713,0.001920158,0.0001534317,0.0011857799,5.0000155e-05,0.00052235037,1.2041359e-05,0.00017128888,1.1713635e-06,1.05835085e-07,1.0588025e-08,1.5896263e-10,0.00010289813,1.2575946e-05,6.108633e-07,6.147542e-08,1.884413904917892e-05,1.4851121704850812e-05,1.9137103663524613e-05,1.5253518540703226e-05,5.674341991834808e-06,4.451301265362417e-06
sub-054,1,lab_3,0.0063200938,0.0020815134,0.0008840216,0.0013523668,0.00025530084,0.0005197658,5.0835242e-05,0.00010458607,2.8929915e-07,8.472585e-08,4.2203294e-09,2.4785534e-09,6.4964064e-05,4.710462e-05,1.8821667e-07,3.5150773e-08,2.8921713237650692e-05,1.8913442545454018e-05,2.8952017601113766e-05,1.8957809515995905e-05,1.401068948325701e-05,6.443030542868655e-06
sub-054,2,lab_3,0.0060543926,0.0019679666,0.0010823725,0.0014071197,0.00029686478,0.0005501361,5.6635094e-05,0.00010853875,7.569655e-07,6.921959e-08,4.894114e-09,2.5463474e-09,6.995795e-05,4.7853362e-05,2.561792e-07,2.2455115e-08,2.2970552890910767e-05,1.8594586435938254e-05,2.2976717445999384e-05,1.8599510440253653e-05,6.152437890705187e-06,6.29892383585684e-06
sub-055,1,lab_3,0.003938724,0.0020879416,0.000506752,0.001089278,0.000105683284,0.0005051244,1.9636538e-05,0.00016470475,6.5001984e-07,8.1357896e-08,8.115674e-09,2.6321084e-10,9.008704e-05,1.6114349e-05,2.7457918e-07,3.2831696e-08,2.280216540384572e-05,1.7325630324194208e-05,2.281981687701773e-05,1.734859870339278e-05,1.014431290968787e-05,5.176699232833926e-06
sub-055,2,lab_3,0.003995146,0.0023732597,0.00041373444,0.0009920459,0.00013378022,0.00044528017,2.3040619e-05,0.00014361106,4.587623e-07,1.0240222e-07,5.8195364e-09,2.7699973e-10,7.628588e-05,1.6517299e-05,2.034442e-07,4.918592e-08,2.269117976538837e-05,1.704379428701941e-05,2.2691994672641158e-05,1.7044914784491993e-05,9.297016731579788e-06,4.866407380177407e-06
sub-056,1,lab_3,0.0016131353,0.0013524708,0.0012336911,0.0015261744,0.0006821236,0.00067544956,0.0001846448,0.0001731723,8.715158e-08,1.07738906e-07,2.3776622e-10,3.2936143e-10,1.541967e-05,1.7786104e-05,3.8324224e-08,5.8244236e-08,6.747157840436557e-06,5.744869667978492e-06,7.085172001097817e-06,6.1374516917567234e-06,3.3757842174964026e-06,1.892484760901425e-06
sub-057,1,lab_3,0.022953257,0.0024047703,0.022076607,0.00121161,0.014003558,0.00042311195,0.0013604503,9.356556e-05,1.2610245e-06,9.925586e-08,1.4961092e-09,1.4402566e-09,3.8679573e-05,3.713628e-05,7.034285e-07,6.155607e-08,2.027544269367354e-06,7.103221287252381e-05,4.607855771610048e-06,7.118524808902293e-05,1.1763179372792365e-06,5.248188244877383e-06
sub-058,1,lab_3,0.06545202,0.0017950019,0.0005151096,0.0013201431,0.00030048186,0.00056033244,6.3320535e-05,0.00015723366,5.2255095e-06,6.283056e-08,8.730032e-09,1.8597258e-10,9.343464e-05,1.3542268e-05,4.2177985e-06,2.9437771e-08,3.1804868285689736e-06,1.4891653336235322e-05,3.1817626222618856e-06,1.4891886166878976e-05,2.158037659683032e-06,3.5766079236054793e-06
sub-058,2,lab_3,0.032541335,0.001914936,0.0010225361,0.0012481434,0.0003779358,0.00053243473,0.00010015737,0.00015652586,1.5222232e-06,8.81779e-08,6.474045e-09,1.6617767e-10,8.046145e-05,1.279027e-05,8.5785797e-07,5.0308973e-08,1.3107688573654741e-05,1.3907880202168599e-05,1.311654705205001e-05,1.3916554962634109e-05,5.1169604375900235e-06,3.2036621178122004e-06
sub-059,1,lab_3,0.02675704,0.0030992017,0.0141001465,0.00070585986,0.006523696,0.0003088235,0.0037843785,9.500323e-05,2.1188853e-06,9.377928e-08,3.03223e-10,2.9572725e-10,1.74133e-05,1.7068516e-05,1.1499927e-06,7.615795e-08,2.877651013477589e-06,5.870993118151091e-05,5.08397351950407e-06,5.88128823437728e-05,1.750171577441506e-06,6.403066890925402e-06
sub-060,1,lab_3,0.0025561159,0.001147634,0.00076357846,0.0013366948,0.00042533904,0.00067589857,0.00016207129,0.000255002,2.1407958e-07,1.1093225e-07,1.122709e-09,7.369405e-10,3.350685e-05,2.5858166e-05,1.1412119e-07,3.9926263e-08,1.553976471768692e-05,1.3804593436361756e-05,1.5540075764874928e-05,1.3804930858896114e-05,7.484733487217454e-06,4.866285053140018e-06
sub-062,1,lab_3,0.013381073,0.0018244903,0.0018089508,0.001110212,0.00078538485,0.00046089673,0.0002554246,0.00022031661,1.5276756e-06,1.5642233e-07,1.3134341e-09,1.0854682e-09,3.624133e-05,3.280422e-05,1.2818084e-06,8.721218e-08,8.98959842743352e-06,1.9560458895284683e-05,9.51256606640527e-06,1.9790537407970987e-05,6.445407052524388e-08,5.414145107351942e-06
sub-063,1,lab_3,0.008600846,0.0019192506,0.003652893,0.001210516,0.0017413071,0.0005054684,0.0005665373,0.00017058985,7.523178e-07,1.569265e-07,2.360668e-10,2.7056313e-10,1.5364465e-05,1.637357e-05,4.1688048e-07,1.030302e-07,1.3879082871426363e-05,1.7446855054004118e-05,1.393455113429809e-05,1.749073817336466e-05,4.93746847496368e-06,7.244495463964995e-06
sub-064,1,lab_3,0.0094943885,0.0027324685,0.0021212893,0.0008909643,0.0015234037,0.0004915615,0.00012210615,8.573756e-05,4.0995607e-07,3.218716e-08,3.3964606e-10,5.30115e-10,1.842949e-05,2.2649641e-05,2.9358972e-07,1.2705585e-08,9.788341230887454e-06,1.6570831576245837e-05,9.78882144408999e-06,1.6570840671192855e-05,1.2021057500533061e-06,4.777599770022789e-06
sub-065,1,lab_3,0.020002762,0.0025365143,0.0069318414,0.00082721654,0.0025510218,0.00039686548,0.0010223797,0.00015930616,1.8191879e-06,1.4286006e-07,3.2881198e-10,4.895253e-10,1.8133174e-05,2.2064256e-05,1.4657878e-06,9.330143e-08,1.0520295290916692e-05,1.6562036762479693e-05,1.0543526514084078e-05,1.657658322073985e-05,4.869398253504187e-06,6.716411007801071e-06
sub-068,1,lab_3,0.0038059617,0.0017568296,0.0004726713,0.001345509,0.00017358808,0.0006147017,3.7896538e-05,0.00014734665,5.2021846e-07,8.425812e-08,2.595697e-09,4.383987e-10,5.0947983e-05,2.0643907e-05,2.7822495e-07,3.565501e-08,1.4261511751101352e-05,9.135650543612428e-06,1.4265498975873925e-05,9.141870577877853e-06,5.928130121901631e-06,4.018845174869057e-06
