participant_id,run,lab,channel,band_low,band_high,interference_band_power,interference_band_peak_power,baseline_power,baseline_median,interference_ratio,interference_ratio_peak,interference_db_ratio,interference_db_ratio_peak,interference_fraction_total,n_freq_points_band,n_freq_points_baseline,is_outlier
sub-001,1,lab_1,EEG1,49.5,50.5,0.023886010916785543,0.1382404625467147,0.019363192916314085,0.01855064053524566,1.2335781097045864,7.452058718760139,0.911666540609498,8.7227626827647,0.00028164744060898034,61,360,False
sub-002,1,lab_1,EEG1,49.5,50.5,0.0011588571250859526,0.0018085552706498232,0.0012994393087501568,0.0012885962151553936,0.8918131969616696,1.4035081338712598,-0.4972610529246787,1.4721493388218068,9.223776004636115e-05,61,360,False
sub-003,1,lab_1,EEG1,49.5,50.5,0.0011082752838552736,0.0018071632478157524,0.0011679431408235694,0.0011368626983435611,0.948912018203957,1.5896055423924378,-0.2277405288295985,2.0128936833596254,0.0001158570653964805,61,360,False
sub-004,1,lab_1,EEG1,49.5,50.5,0.001701492217763466,0.0025681378913974583,0.0017842172135688682,0.0017698137815318066,0.9536351313450412,1.4510780268213357,-0.2061775816100295,1.6169076578528605,0.00019873180947908742,61,360,False
sub-005,1,lab_1,EEG1,49.5,50.5,0.0010349820358067972,0.0015534864657476453,0.0011064728057515864,0.0010845710347779126,0.9353885874930142,1.4323510535512332,-0.29007933143155257,1.5604947183765163,9.383102738125134e-05,61,360,False
sub-006,1,lab_1,EEG1,49.5,50.5,0.0013992130727184349,0.0022785495742040462,0.0014447626523824049,0.001406771340239663,0.9684726203592461,1.6197014450096503,-0.1391265268833195,2.0943496964529267,0.00017379676165988687,61,360,False
sub-007,1,lab_1,EEG1,49.5,50.5,0.001185750749011507,0.0019120618908968282,0.0012617462439991232,0.0012312453639324763,0.939769588149106,1.552949513845836,-0.26978613273801194,1.9115733711031582,0.0001297292393712661,61,360,False
sub-008,1,lab_1,EEG1,49.5,50.5,0.0008126372978216666,0.0012219701889985217,0.0009342828846101664,0.0009037860012051598,0.8697979063278518,1.352056998024997,-0.6058164204998949,1.3099500033815616,8.369458921092159e-05,61,360,False
sub-009,1,lab_1,EEG1,49.5,50.5,0.0006792782021477639,0.0010967555223753247,0.0006906062663400622,0.000678957899533095,0.9835969267467997,1.6153512927888296,-0.07182836885900003,2.0826698358956066,7.088977776101429e-05,61,360,False
sub-010,1,lab_1,EEG1,49.5,50.5,0.0016302477188772225,0.0023239745267631456,0.0018496720424879204,0.0018119108171830418,0.8813712271949949,1.2826097749632037,-0.5484113135500053,1.0809454541814358,0.00014834545636319588,61,360,False
sub-011,1,lab_4,EEG1,49.5,50.5,1.0983127033287867e-05,0.00015782396232030116,8.003218715570134e-07,8.137655037405578e-07,13.723370184236263,193.94256410757606,11.374607784757401,22.876731331036204,0.0019901420151083866,61,360,False
sub-011,2,lab_4,EEG1,49.5,50.5,9.112726533990539e-06,0.00011665438948988858,5.084424147171815e-07,4.6713861733038515e-07,17.92279390433139,249.72060849076863,12.534057108314427,23.974543844999275,0.0023996607666741977,61,360,False
sub-012,1,lab_4,EEG1,49.5,50.5,3.837008724025237e-06,5.997163309152317e-05,2.5439402309393804e-07,2.2366489341482332e-07,15.082876533352547,268.1304340858819,11.784841759785976,24.283461112802158,0.0005600002320030206,61,360,False
sub-013,1,lab_4,EEG1,49.5,50.5,2.0669755622449115e-06,1.922549125503314e-05,7.904297204370462e-08,7.094565775388852e-08,26.149692491440703,270.9851579157639,14.174665861266107,24.329455048529965,0.002012080851644732,61,360,False
sub-014,1,lab_4,EEG1,49.5,50.5,4.735510621122443e-08,3.8218330310565446e-07,4.703005731992414e-08,3.943857351135936e-08,1.006890104321831,9.690350809589212,0.029820726483158266,9.863394996422437,1.0397587073630961e-05,61,360,False
sub-015,1,lab_4,EEG1,49.5,50.5,2.133920565639936e-08,1.456026484361052e-07,3.4476594500720894e-08,2.7465031750806863e-08,0.6189296546182529,5.301189839039193,-2.0835870856753615,7.2437335687146795,4.192138030833305e-06,61,360,False
sub-015,2,lab_4,EEG1,49.5,50.5,4.2257022954097806e-06,1.1380029910060593e-05,5.835395123253755e-06,4.502360785045386e-06,0.7241500330321318,2.5275689634403458,-1.4017144517303002,4.02703013930075,0.0001176809927570737,61,360,False
sub-015,3,lab_4,EEG1,49.5,50.5,1.335780020975368e-08,1.318603216443796e-07,2.419997530266342e-08,1.802669349475251e-08,0.5519529706012962,7.314320142105888,-2.5809792494839017,8.641739651499137,3.1534896778868885e-06,61,360,False
sub-015,4,lab_4,EEG1,49.5,50.5,2.354122368966166e-08,2.1318596372324616e-07,3.048592095105121e-08,2.3234962286354573e-08,0.7721745245267199,9.174828272485216,-1.122845306575042,9.625979442037355,4.165494966755906e-06,61,360,False
sub-016,1,lab_4,EEG1,49.5,50.5,1.4326685976610997e-05,0.00020158092540505703,1.2355985943593193e-07,1.22643367273275e-07,115.94841636756006,1643.621553005336,20.64264821386888,32.15801827582481,0.009421288780284011,61,360,True
sub-017,1,lab_4,EEG1,49.5,50.5,7.58218896521743e-06,0.00010529764384417728,9.691063487584917e-07,8.969572130027595e-07,7.82388965983062,117.39414648054884,8.934227169758428,20.69646442613688,0.0021255125994419275,61,360,False
sub-017,2,lab_4,EEG1,49.5,50.5,9.768817618686905e-06,0.00015147083145966,2.8942439266379707e-07,2.647316667767331e-07,33.75245526585354,572.1652461855249,15.283053703412033,27.575214748459747,0.0027738953883275092,61,360,False
sub-018,1,lab_4,EEG1,49.5,50.5,2.99682688993513e-06,5.903646343736933e-05,2.767097856084591e-07,2.6098349363698706e-07,10.830177375794769,226.2067857544262,10.346355695245355,23.545056287569896,0.0007467495150835719,61,360,False
sub-019,1,lab_4,EEG1,49.5,50.5,0.00010221756710396985,0.00043767804415932403,1.9591210354879348e-05,1.1332583738620202e-05,5.217521533119071,38.62120198120076,7.1746425010853665,15.868257859032425,0.01748381312739218,61,360,False
sub-020,1,lab_4,EEG1,49.5,50.5,2.2940507925204615e-06,2.632968120886108e-05,1.2655468864351075e-07,1.2048935417808664e-07,18.12680897326136,218.52107074019716,12.583213580239107,23.394933198647866,0.0007386248435686199,61,360,False
sub-021,1,lab_4,EEG1,49.5,50.5,0.000510862921000542,0.005461065552623683,9.32753149362631e-07,8.730954275202838e-07,547.69300286643,6254.825218027606,27.385371925703602,37.962151784728135,0.14784454126977983,61,360,True
sub-022,1,lab_4,EEG1,49.5,50.5,0.00014147649712821714,0.0020647439553096365,2.0977925476815132e-07,1.8924252869843992e-07,674.4033049467723,10910.512869371674,28.289196899035037,40.37845165904831,0.07119802614560496,61,360,True
sub-023,1,lab_4,EEG1,49.5,50.5,0.005556264304555605,0.08251812738642977,5.123752527994854e-06,2.4411571164359927e-06,1084.4128770436798,33802.860548379154,30.351946660421714,45.289534537631425,0.460017908447951,61,360,True
sub-024,1,lab_4,EEG1,49.5,50.5,5.108045716398069e-06,5.2728901050940065e-05,2.1105657994726732e-07,1.934318447064442e-07,24.202142930257768,272.59538642965225,13.838538214177632,24.355185012965315,0.0012299480297901938,61,360,False
sub-025,1,lab_4,EEG1,49.5,50.5,3.727769849849212e-05,0.0005177193425815557,3.9148309581480134e-07,3.701230726262361e-07,95.22148893662086,1398.7724140936016,19.787349680637508,31.45747058777998,0.006936885505728692,61,360,False
sub-026,1,lab_4,EEG1,49.5,50.5,2.4713227567904553e-06,3.334903390491164e-05,2.55070255539703e-07,2.1677660135515484e-07,9.688754428880689,153.83985105672738,9.86267948419856,21.870688507593346,0.0008617161138716565,61,360,False
sub-027,1,lab_4,EEG1,49.5,50.5,3.5481393548210767e-06,4.3018635070088965e-05,2.7564607763591593e-07,2.4529133472613415e-07,12.872036900415031,175.37700522977508,11.096472760897374,22.439726497113874,0.0007966032007058906,61,360,False
sub-027,2,lab_4,EEG1,49.5,50.5,1.7185731891800188e-06,2.1658683674525584e-05,3.4663619541301586e-07,3.2198833356963376e-07,4.957844143449034,67.26522097615279,6.95292870010759,18.277905732541832,0.0003758874404461845,61,360,False
sub-028,1,lab_4,EEG1,49.5,50.5,6.25045214837486e-07,4.500039556672593e-06,2.0254682315973327e-07,1.8443765985396745e-07,3.085914255146365,24.398570019081568,4.893838546390871,13.87364373428056,0.0001816385787310869,61,360,False
sub-029,1,lab_4,EEG1,49.5,50.5,2.9673611707538605e-05,0.00041048271380444734,2.384838125995407e-07,2.321032846809297e-07,124.42558242635765,1768.5270841455244,20.949096823191084,32.4761171521375,0.007638994630521664,61,360,True
sub-030,1,lab_4,EEG1,49.5,50.5,0.00016210885903127797,0.003422509258364871,3.001001574687752e-07,2.8209129395355326e-07,540.1807190568567,12132.586858003255,27.325390786358593,40.83953409141784,0.06352896815198197,61,360,True
sub-031,1,lab_4,EEG1,49.5,50.5,9.052434008209052e-06,7.788207600013069e-05,1.7144964947135292e-06,1.4710356550694294e-06,5.279934229196176,52.94366780850532,7.226285126711906,17.238140248727202,0.0013792792078748022,61,360,False
sub-032,1,lab_4,EEG1,49.5,50.5,4.1571724278260975e-06,6.847933880342598e-05,3.17801096115371e-07,2.664112197879888e-07,13.081010096034511,257.04278451612294,11.166412808534554,24.100054172331493,0.0009729923682184628,61,360,False
sub-033,1,lab_4,EEG1,49.5,50.5,2.085947113677013e-06,3.084837081763376e-05,2.0760688787327676e-07,1.9392060119898724e-07,10.047533044362307,159.07650631442326,10.020594431756965,22.01606044314015,0.000653254391887277,61,360,False
sub-034,1,lab_4,EEG1,49.5,50.5,3.636550672213461e-07,2.2718032106205202e-06,2.167583516703261e-07,1.9748104751473994e-07,1.6776903253264792,11.503846750682257,2.247118001082692,10.608430875923604,0.0001167429716965541,61,360,False
sub-035,1,lab_4,EEG1,49.5,50.5,6.62605626956223e-06,6.852737799982104e-05,9.813575303282788e-07,8.266921586650316e-07,6.751922019107244,82.89336530918081,8.294274177902064,19.185197715041845,0.0009050974395849384,61,360,False
sub-036,1,lab_4,EEG1,49.5,50.5,5.854033066385804e-06,9.306941875230113e-05,4.828502959687607e-07,4.1483147597734904e-07,12.123883927122245,224.35422524002914,10.83641769822673,23.50934252969385,0.001064604811110464,61,360,False
sub-037,1,lab_4,EEG1,49.5,50.5,5.442428538893595e-06,8.226779170004991e-05,3.7905110642927655e-07,3.456958205998436e-07,14.35799576517864,237.97670906345365,11.570938209040747,23.765344544506682,0.001168078096055407,61,360,False
sub-038,1,lab_3,EEG1,49.5,50.5,2.7282503035876127e-09,4.538814391993235e-09,2.807014378147021e-09,2.685026836332154e-09,0.971594135991553,1.6897874327239095,-0.12515115021457632,2.278320758557624,5.025257474722248e-06,61,360,False
sub-038,1,lab_3,EEG2,49.5,50.5,2.5321272218383778e-08,3.7368853308285044e-08,2.524665480985827e-08,2.4619823729653535e-08,1.0029158117488506,1.517774292144323,0.012644783573776826,1.8120719253180282,6.061852520611014e-06,61,360,False
sub-038,2,lab_3,EEG1,49.5,50.5,7.087599516661737e-10,9.356669049551371e-10,7.191722727615693e-10,7.088671835824432e-10,0.9841533456271039,1.318087279698104,-0.06937226800945705,1.1994416885942953,1.3469298788627885e-06,61,360,False
sub-038,2,lab_3,EEG2,49.5,50.5,1.4246434792924833e-08,2.5609198783408542e-08,1.465352660122376e-08,1.424547114093361e-08,0.9721525082724373,1.7975819085350213,-0.12265598956365921,2.546886885485262,3.5555943650384016e-06,61,360,False
sub-039,1,lab_3,EEG1,49.5,50.5,2.222016094863846e-09,2.7065469021332766e-09,2.3267050262867425e-09,2.2377578021279834e-09,0.9545952213749798,1.2089502935782739,-0.20180744006269236,0.8240844505596329,2.085124503195417e-06,61,360,False
sub-039,1,lab_3,EEG2,49.5,50.5,6.5301363461940295e-09,7.219858001741513e-09,6.587895620207648e-09,6.480697899360371e-09,0.9910820754492743,1.1138837560531762,-0.038903783712691056,0.46839870605777434,2.2595508279883498e-06,61,360,False
sub-039,2,lab_3,EEG1,49.5,50.5,2.4142478335973134e-09,3.880673611265419e-09,2.4925713932564686e-09,2.453863022944278e-09,0.968188775395132,1.5808106501237993,-0.14039956617437516,1.9887985315122707,2.4003615473497156e-06,61,360,False
sub-039,2,lab_3,EEG2,49.5,50.5,4.657135389559894e-09,7.452202302951635e-09,4.66716469708162e-09,4.5316909517079414e-09,0.9976373353903684,1.6441011271998602,-0.010273062706505581,2.159285270936711,1.4609522759689856e-06,61,360,False
sub-039,3,lab_3,EEG1,49.5,50.5,2.214417765427501e-09,2.8208368385744286e-09,2.3650783836170835e-09,2.287748785717354e-09,0.9359021158218204,1.232479884283283,-0.28769570899699737,0.907798397418617,1.8854456574143333e-06,61,360,False
sub-039,3,lab_3,EEG2,49.5,50.5,5.7244568668684905e-09,7.64989929151708e-09,5.714882360705397e-09,5.7049251119399135e-09,1.0015001194254871,1.3406939525913701,0.006510054181734578,1.2732965043194466,1.72093366968982e-06,61,360,False
sub-040,1,lab_3,EEG1,49.5,50.5,1.8028321056343115e-09,2.3643206889051284e-09,1.8059736365298253e-09,1.7747270019586648e-09,0.997708029153393,1.3314663156539446,-0.009965327396669686,1.2433018383524637,2.7918863065790215e-06,61,360,False
sub-040,1,lab_3,EEG2,49.5,50.5,8.349042709245349e-08,1.4583249345686987e-07,8.751077819773595e-08,8.301630976617901e-08,0.9540478871747289,1.7566516412976028,-0.20429825909928123,2.4468564580843672,1.1106991686548321e-05,61,360,False
sub-040,2,lab_3,EEG1,49.5,50.5,1.119186159939973e-08,1.5344547727795888e-08,1.2121569897159819e-08,1.2037961232158924e-08,0.9232251654842475,1.2745740626530933,-0.3469236592748993,1.0536507642156838,5.520081163284492e-06,61,360,False
sub-040,2,lab_3,EEG2,49.5,50.5,1.3793883317417926e-08,2.0074588491215202e-08,1.450450826719817e-08,1.3987920447532928e-08,0.950941053793374,1.435034859659634,-0.21846402941926843,1.5686245101730825,6.725641767674703e-06,61,360,False
sub-041,1,lab_3,EEG1,49.5,50.5,1.2472862200862264e-09,1.7901958448203646e-09,1.3811193930595215e-09,1.2574002839795893e-09,0.9024446269617689,1.4225965041576554,-0.4457943644976894,1.5308173714232456,1.2844716535636248e-06,61,360,False
sub-041,1,lab_3,EEG2,49.5,50.5,5.35709312542736e-09,9.102616873715015e-09,5.569586507800239e-09,5.402687920722915e-09,0.9616748825148064,1.6845193518313415,-0.16971726916608365,2.2647600453989085,2.0300370240078076e-06,61,360,False
sub-041,2,lab_3,EEG1,49.5,50.5,3.6771640798401165e-09,4.194271267954367e-09,3.6823232473216255e-09,3.677358681575374e-09,0.9983278232541801,1.1402561933296937,-0.007268249924697821,0.5700243980097438,2.5666853329234777e-06,61,360,False
sub-041,2,lab_3,EEG2,49.5,50.5,1.2004398116710432e-08,1.945677111028015e-08,1.2184284359598101e-08,1.2113156831657245e-08,0.9851553531661993,1.606118476148077,-0.0649527843310055,2.0577757807839463,2.9068105930078122e-06,61,360,False
sub-041,3,lab_3,EEG1,49.5,50.5,1.6836607600623982e-09,2.2041874463043965e-09,1.8481554508194109e-09,1.820115570459043e-09,0.9105025536475705,1.2103501183885839,-0.40718831819717255,0.829110170024518,1.7887662494612255e-06,61,360,False
sub-041,3,lab_3,EEG2,49.5,50.5,1.063308431110955e-08,1.6746264965406488e-08,1.145530908917038e-08,1.1089008146281545e-08,0.9281422339731545,1.5100318002039947,-0.32385464840659406,1.789860933250438,3.4106960628987165e-06,61,360,False
sub-042,1,lab_3,EEG1,49.5,50.5,9.059554262490881e-09,1.5853022424774215e-08,8.566937889576168e-09,8.257739695719977e-09,1.0573786107288219,1.919544992196559,0.24230520996306817,2.831982959971224,4.370414575826158e-06,61,360,False
sub-042,1,lab_3,EEG2,49.5,50.5,3.2416616866921606e-09,4.495040096152176e-09,3.271843491024478e-09,3.20866101946213e-09,0.9904725647841607,1.400471909306313,-0.04157549532228675,1.4627440215981822,1.3102099228986496e-06,61,360,False
sub-042,2,lab_3,EEG1,49.5,50.5,3.391794606538132e-10,5.416603017496575e-10,3.305730855644127e-10,3.251295463165291e-10,1.0229402669292436,1.660874667344437,0.09850274474640854,2.2033686102817382,1.2933845846020428e-06,61,360,False
sub-042,2,lab_3,EEG2,49.5,50.5,8.933654088975164e-09,1.7237560523101962e-08,1.0698434139194973e-08,9.725201036777926e-09,0.8349650993456496,1.7722809201579472,-0.7833167718458609,2.4853256202351592,2.7692026620143075e-06,61,360,False
sub-042,3,lab_3,EEG1,49.5,50.5,2.7390432006573797e-09,4.10521473924648e-09,2.89720037209351e-09,2.7782568945778746e-09,0.9450841380849168,1.4770907818041044,-0.2452952579779845,1.6940718781393307,1.5518723138450172e-06,61,360,False
sub-042,3,lab_3,EEG2,49.5,50.5,1.4297579868835211e-09,2.2659449474866908e-09,1.4623688362425203e-09,1.417067971137213e-09,0.9770318674782623,1.5979099687792302,-0.1009127083118761,2.0355230616480995,6.489059940397613e-07,61,360,False
sub-043,1,lab_3,EEG1,49.5,50.5,8.291362421300462e-10,1.1651677649113807e-09,1.0012820373943328e-09,9.109837265554917e-10,0.8272484302777492,1.2776190308923057,-0.8236404825021773,1.0640137225252415,5.32686174505072e-06,61,360,False
sub-043,1,lab_3,EEG2,49.5,50.5,8.096656825070582e-09,1.1713934312723708e-08,7.607002147828763e-09,7.4374737460394405e-09,1.064229040390226,1.5747765889421474,0.27035105659538683,1.9721894982635737,4.784781367105221e-06,61,360,False
sub-044,1,lab_3,EEG1,49.5,50.5,9.045584059317481e-10,1.556704195862114e-09,8.862096106602258e-10,8.009102645130285e-10,1.0195543364984652,1.9412448808189844,0.08410376178946659,2.880803234773418,3.6911654251543507e-06,61,360,False
sub-044,1,lab_3,EEG2,49.5,50.5,9.719622433683943e-09,1.3655785129283874e-08,9.757290345169644e-09,9.000520526641698e-09,0.9960374297015213,1.5170531566158187,-0.017243410865114574,1.8100079846695674,5.001737376865737e-06,61,360,False
sub-044,2,lab_3,EEG1,49.5,50.5,8.327566702560875e-10,1.890063777775825e-09,3.656412551670889e-10,3.606416597019588e-10,2.2713119664522656,5.2263441643683715,3.5627678899924216,7.181980054228767,3.7260148540940163e-06,61,360,False
sub-044,2,lab_3,EEG2,49.5,50.5,3.6824862720392888e-09,6.009626650891107e-09,3.4452217381980045e-09,3.4176406410252037e-09,1.0685575542695127,1.7578994933755019,0.2879791894644491,2.4499404097679203,1.7426865428188995e-06,61,360,False
sub-045,1,lab_3,EEG1,49.5,50.5,3.8984411740518846e-10,4.866828216726158e-10,3.818671858536052e-10,3.772019226365904e-10,1.018222850663026,1.2868332828129576,0.07842839122394529,1.0952228502097618,3.149889465370004e-06,61,360,False
sub-045,1,lab_3,EEG2,49.5,50.5,1.283344245012891e-07,2.4918955030305275e-07,1.250832419175749e-07,1.1938018710280393e-07,1.0259839491680809,2.087343545080228,0.11140566582986108,3.1959393323142544,1.2712622982907894e-05,61,360,False
sub-045,2,lab_3,EEG1,49.5,50.5,5.185610437069771e-10,7.09835977913901e-10,5.130767074104094e-10,5.619058086702508e-10,1.0087230878814895,1.26102087948025,0.03771961172465155,1.0072227750759442,5.433506212782693e-06,61,360,False
sub-045,2,lab_3,EEG2,49.5,50.5,5.552278175502488e-07,9.281393172743609e-07,5.42499256794443e-07,5.158278106818584e-07,1.0234609303800353,1.7993165524187795,0.10071268548318967,2.551075751717458,2.642381568319793e-05,61,360,False
sub-046,1,lab_3,EEG1,49.5,50.5,1.9488351840605317e-10,2.9254577623812093e-10,1.1406793945730455e-09,2.138178653058599e-10,0.17069898899150568,1.3618316885403885,-7.677690510954375,1.3412343558365711,1.2461708752169526e-06,61,360,False
sub-046,1,lab_3,EEG2,49.5,50.5,1.3186115045886197e-08,2.0683261065318616e-08,1.4368122752579034e-08,1.3224892917916565e-08,0.9176701509853478,1.56384610050032,-0.3731339434201919,1.9419401151684985,5.5705953475551605e-06,61,360,False
sub-046,2,lab_3,EEG1,49.5,50.5,2.0280386216378745e-10,3.051262877298034e-10,1.1573394495589966e-09,2.1828418198633357e-10,0.17508154646809188,1.391465106903241,-7.5675962598383295,1.4347232021447698,1.2966369618083423e-06,61,360,False
sub-046,2,lab_3,EEG2,49.5,50.5,5.7953165464888945e-09,9.917740243902454e-09,7.021866670037331e-09,6.268271774820841e-09,0.8252066882053007,1.581960489212621,-0.8343726077726793,1.9919563242917835,2.427396779214674e-06,61,360,False
sub-046,3,lab_3,EEG1,49.5,50.5,8.579743506046813e-09,1.2883289841033737e-08,9.562731291822e-09,8.50561423263151e-09,0.89711256456812,1.5145026550767082,-0.4715306074172803,1.8027003903208816,3.790030249242338e-06,61,360,False
sub-046,3,lab_3,EEG2,49.5,50.5,1.6424764207510863e-09,2.0162267751473506e-09,2.089448250241774e-09,1.6803887035066017e-09,0.7857053723100408,1.1991437619049248,-1.0474027732848776,0.7887125253982017,1.1788161712530114e-06,61,360,False
sub-047,1,lab_3,EEG1,49.5,50.5,7.022086591705443e-10,1.4009717269565031e-09,1.4684616224979919e-09,7.174571065376075e-10,0.47786798132014763,1.9499726764595229,-3.206920676198017,2.9002852595453925,3.6078936326873562e-06,61,360,False
sub-047,1,lab_3,EEG2,49.5,50.5,2.8426210504645258e-09,4.4457723902021325e-09,3.257804479920767e-09,2.9471312655424974e-09,0.8722895368468501,1.5079967578662234,-0.5933933687473313,1.784004078189754,2.886261857500783e-06,61,360,False
sub-048,1,lab_3,EEG1,49.5,50.5,1.102557631377352e-09,1.2993961584978747e-09,1.1075506641700261e-09,1.1134200454188158e-09,0.994593812455869,1.1659841940563282,-0.023542469177865784,0.6669266321869847,7.493237544736151e-07,61,360,False
sub-048,1,lab_3,EEG2,49.5,50.5,2.3115614493539085e-09,2.6057895243232246e-09,2.347432339393071e-09,2.3323016884993655e-09,0.9842997861080848,1.1167820848743766,-0.0687260926760524,0.47968438497055005,1.191840285532631e-06,61,360,False
sub-048,2,lab_3,EEG1,49.5,50.5,1.6211972545058671e-09,3.2140084081465892e-09,1.6456785874602569e-09,1.4500120041738449e-09,0.9845256183274413,2.215011591152571,-0.06772978607708631,3.453760032276497,1.1702642192157136e-06,61,360,False
sub-048,2,lab_3,EEG2,49.5,50.5,1.9394597560810503e-09,3.019658185183365e-09,1.977250608532788e-09,1.961308206557906e-09,0.9803913355141047,1.5388297185385376,-0.08600535602952873,1.8719056499707432,1.1956259498636187e-06,61,360,False
sub-048,3,lab_3,EEG1,49.5,50.5,4.655328253539224e-09,8.768359009581097e-09,4.659780072333178e-09,4.454326699195429e-09,0.9988302776124717,1.9680619630350658,-0.005083013215362978,2.9403876776453846,3.1059814360393447e-06,61,360,False
sub-048,3,lab_3,EEG2,49.5,50.5,1.053184009674608e-08,1.5969027741872537e-08,1.0923552989913031e-08,1.0499274938788177e-08,0.9640522689093499,1.5208199628071362,-0.1589941891464554,1.8207780459418026,2.481328858528562e-06,61,360,False
sub-049,1,lab_3,EEG1,49.5,50.5,1.8380075936753874e-09,2.3417217830162385e-09,1.9867121372519832e-09,1.991262723505924e-09,0.9246849980080302,1.1754081203182616,-0.3400618826150158,0.7018868671670295,1.2490841518358466e-05,61,360,False
sub-049,1,lab_3,EEG2,49.5,50.5,9.816839692916458e-09,1.3299407746273403e-08,1.0441590647149274e-08,1.0232917746532408e-08,0.9400770387946176,1.2995421768735327,-0.2683655474830251,1.137903791711034,5.438090706751276e-06,61,360,False
sub-049,2,lab_3,EEG1,49.5,50.5,3.5030504164294405e-10,5.36034646062672e-10,3.5532879657427697e-10,3.5160834816100367e-10,0.983094953342966,1.5201983981896947,-0.07404533315613243,1.8190027058733425,2.017452167837839e-06,61,360,False
sub-049,2,lab_3,EEG2,49.5,50.5,5.517343286950599e-09,8.674144570740726e-09,5.724928595660719e-09,5.544559724233695e-09,0.9635717936007457,1.5641603376545277,-0.16115921482337178,1.9428126930562917,2.312058051138356e-06,61,360,False
sub-050,1,lab_3,EEG1,49.5,50.5,3.2922569375990707e-10,4.669548347855965e-10,3.4896932392567243e-10,3.4586915810812156e-10,0.9407272902290975,1.3461987722760966,-0.26536257033396315,1.2910919014768794,1.0460524805940105e-06,61,360,False
sub-050,1,lab_3,EEG2,49.5,50.5,4.005551627754238e-09,6.4574486748152755e-09,4.44315491432998e-09,4.261983016378307e-09,0.9013078312906047,1.5147723202287857,-0.45126855415321016,1.8034736056200726,2.2741163553743438e-06,61,360,False
sub-050,2,lab_3,EEG1,49.5,50.5,1.6310957968605924e-11,2.8643399172962857e-11,2.231764114240031e-11,1.3539745333350527e-11,0.6995114929934495,1.970006937278474,-1.5520514564239551,2.944677555102682,0.00011670868686908417,61,360,False
sub-050,2,lab_3,EEG2,49.5,50.5,1.6556818963930783e-09,2.0181460570105684e-09,1.671748988280581e-09,1.6642251787333896e-09,0.9897969796980443,1.2119358287301534,-0.0445387574413925,0.8347962480900244,1.2924089802768706e-06,61,360,False
sub-051,1,lab_3,EEG1,49.5,50.5,5.838679248748041e-10,1.016981642832746e-09,5.881599129909181e-10,5.703406428262434e-10,0.9910177389883015,1.7799917712873639,-0.03918571673939274,2.5041799461658103,4.6444138257181565e-06,61,360,False
sub-051,1,lab_3,EEG2,49.5,50.5,1.1060490142719159e-08,1.7179825834574068e-08,1.056704219309335e-08,1.0096491673518123e-08,1.0465978409839851,1.7013953950197565,0.1977983450332693,2.3080525301350456,6.735200282380057e-06,61,360,False
sub-052,1,lab_3,EEG1,49.5,50.5,1.0187124544441892e-09,1.8358458596450659e-09,1.0132272564389792e-09,9.33989234761105e-10,1.0044222810782641,1.9634941145756983,0.019163380935004682,2.9302960384392405,6.637719140333312e-06,61,360,False
sub-052,1,lab_3,EEG2,49.5,50.5,9.629790044143896e-09,1.3584163401697307e-08,9.587052216923447e-09,8.968066684376813e-09,1.004353108042818,1.5145570748581363,0.01886427862854209,1.8028564401375924,6.32486801035329e-06,61,360,False
sub-052,2,lab_3,EEG1,49.5,50.5,1.5995399339586802e-09,2.3257604324629366e-09,1.6063266629079782e-09,1.584987633901454e-09,0.9951554782677403,1.4664429802278323,-0.021090618883104643,1.662651809521598,3.968086036401666e-06,61,360,False
sub-052,2,lab_3,EEG2,49.5,50.5,5.196126286676066e-09,7.93252002962626e-09,5.2810456418740266e-09,5.054733317261883e-09,0.9837336969380149,1.5690147268136376,-0.07122451977827943,1.9562701990581344,3.872562089207011e-06,61,360,False
sub-053,1,lab_3,EEG1,49.5,50.5,1.735599508596321e-10,2.9023472700650855e-10,1.7781433826392982e-10,1.7272385452509308e-10,0.9706154022361325,1.6706670928982086,-0.12952821352154864,2.228899184027796,2.7436941430254903e-06,61,360,False
sub-053,1,lab_3,EEG2,49.5,50.5,5.783922529681011e-09,9.622016035145457e-09,5.78905840750131e-09,5.762162695214649e-09,0.9989402735881991,1.6695721679235163,-0.004604773656675721,2.2260519634875435,4.0854792687973535e-06,61,360,False
sub-053,2,lab_3,EEG1,49.5,50.5,3.6644441623398106e-10,8.05617991815933e-10,4.048715849975743e-10,3.8770638828727306e-10,0.9028580215492817,2.0725617486392887,-0.44380539061022045,3.165074785198998,5.512595557553092e-06,61,360,False
sub-053,2,lab_3,EEG2,49.5,50.5,7.186935371487451e-09,1.2008111459792312e-08,7.276765924767975e-09,7.195984668052009e-09,0.987519445634902,1.6684920162602652,-0.054543437529243656,2.223241328955326,5.23283906571467e-06,61,360,False
sub-054,1,lab_3,EEG1,49.5,50.5,2.896919991809907e-09,5.707825800029513e-09,3.0492256928509556e-09,2.6451001301918123e-09,0.9497395548793773,2.157070979629089,-0.2239547406464448,3.3386443604111493,2.14590411539341e-06,61,360,False
sub-054,1,lab_3,EEG2,49.5,50.5,1.4887241392203496e-09,2.1083338118427385e-09,1.617280341641233e-09,1.6942055328767013e-09,0.9199420526300841,1.243703946780408,-0.3623952810570291,0.9471701252442968,3.30661917692294e-06,61,360,False
sub-054,2,lab_3,EEG1,49.5,50.5,1.7224017375453978e-09,2.5437722927086867e-09,1.954620479949515e-09,1.7591893554751914e-09,0.8807443750997443,1.445169682907186,-0.5515012177204909,1.5991884226507782,1.3731875232926653e-06,61,360,False
sub-054,2,lab_3,EEG2,49.5,50.5,9.734086420476463e-10,1.2969872660523673e-09,1.0950413290543139e-09,9.892771671456834e-10,0.8881130813630198,1.3097214689809793,-0.5153173299876678,1.1717894653693366,2.1666839800486344e-06,61,360,False
sub-055,1,lab_3,EEG1,49.5,50.5,3.2511503010045684e-10,5.824948699461434e-10,3.798951930059494e-10,3.6481108192213785e-10,0.8535550883031982,1.5923379545678342,-0.6876844435068764,2.0203524696195307,2.6696522694625588e-06,61,360,False
sub-055,1,lab_3,EEG2,49.5,50.5,4.621249248746905e-09,5.863587177365149e-09,4.659515502324384e-09,4.619734724876985e-09,0.9915746973574284,1.2689729072298672,-0.03674563931056632,1.0345234993888253,2.612894057548425e-06,61,360,False
sub-055,2,lab_3,EEG1,49.5,50.5,4.3059486395336777e-10,1.0928874038195362e-09,4.605128632785346e-10,4.007566569705946e-10,0.933007285852167,2.7202720474138324,-0.30114964834988067,4.346123388808926,3.2764306478555244e-06,61,360,False
sub-055,2,lab_3,EEG2,49.5,50.5,3.908540655673988e-09,5.359386888705428e-09,3.934177776832703e-09,3.8230921391757884e-09,0.9932310247035003,1.401479539104553,-0.02949723221853783,1.4658676166218523,2.1694339592111666e-06,61,360,False
sub-056,1,lab_3,EEG1,49.5,50.5,5.815278258814533e-10,1.2133537551586775e-09,5.897610591538117e-10,5.341218445038721e-10,0.9843706129080616,2.2674345434049976,-0.0684136006669338,3.5553475864375406,3.521072698711381e-06,61,360,False
sub-056,1,lab_3,EEG2,49.5,50.5,4.2175810157533625e-09,6.482972176210266e-09,4.1406034211028074e-09,4.162523421159348e-09,1.0183449709992571,1.557087956624262,0.07894923013392657,1.923131456433194,2.5956269622739876e-06,61,360,False
sub-057,1,lab_3,EEG1,49.5,50.5,2.6619876141217456e-09,4.3179404059897226e-09,3.5901853911988816e-09,2.6779521886551258e-09,0.7412559709798406,1.6118019665581989,-1.3003179527545656,2.0731168131905235,3.754963367028917e-06,61,360,False
sub-057,1,lab_3,EEG2,49.5,50.5,5.03119980478513e-09,6.439594154880429e-09,5.5306402773078446e-09,5.128349553465959e-09,0.9095312696713767,1.255440692383525,-0.41182365305591545,0.9879620125562244,5.1390646725352895e-06,61,360,False
sub-058,1,lab_3,EEG1,49.5,50.5,1.4950434031360356e-10,2.012232270903821e-10,1.520556569874088e-10,1.5073274955000419e-10,0.976797220411805,1.3261687255200507,-0.101955848955842,1.2259878191275373,1.7979183697133597e-06,61,360,False
sub-058,1,lab_3,EEG2,49.5,50.5,1.538667807753305e-09,2.0261903663927433e-09,1.5451103148110487e-09,1.5144536132154998e-09,0.9951863026936385,1.3370190606451877,-0.02095610049832743,1.2613759864153198,1.3601077139202287e-06,61,360,False
sub-058,2,lab_3,EEG1,49.5,50.5,2.0769109922357064e-10,3.4233004991520433e-10,2.1346143364119797e-10,2.1163176305923103e-10,0.9684309933833868,1.6099666625058475,-0.13931319973362044,2.068168832124608,3.071082244645889e-06,61,360,False
sub-058,2,lab_3,EEG2,49.5,50.5,1.8091915422340114e-09,2.5497981760294232e-09,1.8373817524171843e-09,1.882510373245277e-09,0.9841217907299219,1.353747880685221,-0.06951151803066785,1.3153778973900923,1.7530435116006257e-06,61,360,False
sub-059,1,lab_3,EEG1,49.5,50.5,1.3109700070488482e-09,2.478888517411318e-09,9.271769069270885e-10,9.15384362096866e-10,1.4124139452995779,2.7050750972431894,1.4996199686698062,4.321793263246734,4.645656680749709e-06,61,360,False
sub-059,1,lab_3,EEG2,49.5,50.5,3.1653622322386987e-09,4.410498092722463e-09,2.8950326237374024e-09,2.8744368161965873e-09,1.0929995077727128,1.533853245489268,0.38619966367627345,1.8578380959819967,2.3893722760402283e-06,61,360,False
sub-060,1,lab_3,EEG1,49.5,50.5,9.668730473516476e-10,1.24927844488718e-09,1.026669015741407e-09,1.0321771871925185e-09,0.9408409055264759,1.2091618556560269,-0.26483808765103445,0.8248443842393967,2.5096500564168253e-06,61,360,False
sub-060,1,lab_3,EEG2,49.5,50.5,8.684539577062896e-09,1.1690643677542466e-08,8.87174115771578e-09,8.692772999617665e-09,0.9787887894724369,1.3447146225300106,-0.09311013469928726,1.2863012745347815,3.178953864819339e-06,61,360,False
sub-061,1,lab_3,EEG1,49.5,50.5,1.428428847988559e-09,2.3173363214741934e-09,2.0587330333855837e-09,1.261275111049375e-09,0.6935019368217105,1.835840936091743,-1.5895232168479732,2.6383504964855646,4.166642188619849e-06,61,360,False
sub-061,1,lab_3,EEG2,49.5,50.5,1.0143345512671502e-08,1.8054917672801557e-08,1.059035519918633e-08,1.0035887289197936e-08,0.9577004379430833,1.79885627411926,-0.18770313982677225,2.549964652632739,4.366564233876275e-06,61,360,False
sub-062,1,lab_3,EEG1,49.5,50.5,2.570816012890894e-09,3.5866753093014926e-09,2.659052015416292e-09,2.686092517425729e-09,0.9664532866243847,1.334779240402774,-0.14819132686759684,1.2540944352650891,5.32075468078474e-06,61,360,False
sub-062,1,lab_3,EEG2,49.5,50.5,5.8773262531153095e-09,8.465439538529795e-09,5.985997305589165e-09,5.7669338142875185e-09,0.9816817935809872,1.467672794296008,-0.08029263421428867,1.6662924395164327,4.300493066308813e-06,61,360,False
sub-063,1,lab_3,EEG1,49.5,50.5,7.007903518157267e-10,1.377841032015575e-09,7.017828442565687e-10,6.449469756220363e-10,0.9971648533296943,2.1330559380493064,-0.01233037301773726,3.2900224469838872,6.2850136152263635e-06,61,360,False
sub-063,1,lab_3,EEG2,49.5,50.5,1.3147630971466955e-08,2.0003992626634662e-08,1.329168787562198e-08,1.2643580500632496e-08,0.9890874663189038,1.5820210584000032,-0.04765301466061619,1.9921226012656583,5.765713645751678e-06,61,360,False
sub-064,1,lab_3,EEG1,49.5,50.5,2.055481340414513e-10,2.670690581989801e-10,2.913350003493457e-10,2.0935023567795037e-10,0.7031252973329144,1.2696399285611792,-1.5296727655634652,1.0368057197107472,7.752788270872432e-07,61,360,False
sub-064,1,lab_3,EEG2,49.5,50.5,5.2871454214235805e-09,6.691397423752394e-09,5.1861717978200816e-09,5.035808432089928e-09,1.0192732432046134,1.3284994881125398,0.08290623760048182,1.2336139140756255,1.4841538488620193e-06,61,360,False
sub-065,1,lab_3,EEG1,49.5,50.5,8.547230335331548e-10,1.4365658985864632e-09,8.624854245472265e-10,8.46129051671398e-10,0.9898523000331287,1.695805256297252,-0.0442960344851957,2.293759770650553,5.691567050739205e-06,61,360,False
sub-065,1,lab_3,EEG2,49.5,50.5,4.4866167672832575e-09,6.764953165305836e-09,4.590889072437623e-09,4.741550567056645e-09,0.9770742926290941,1.4264377510906223,-0.10072413095329485,1.5425282404967697,4.268154817120928e-06,61,360,False
sub-066,1,lab_3,EEG1,49.5,50.5,1.5059417497623357e-09,1.9561794435927136e-09,1.4914683769393162e-09,1.5384885433475805e-09,1.0090275767521788,1.2706683996095538,0.039030356799975324,1.0403222954000606,3.0427533941870812e-06,61,360,False
sub-066,1,lab_3,EEG2,49.5,50.5,7.404381694242877e-10,1.1177132681388562e-09,8.283393051690728e-10,7.976550234782957e-10,0.8928048686578755,1.3994944441355928,-0.4924345009789585,1.4597117869670826,6.417975356289812e-06,61,360,False
sub-067,1,lab_3,EEG1,49.5,50.5,6.766112128054931e-10,1.155758610627539e-09,8.349517058640931e-10,7.189030511426658e-10,0.8093903129321383,1.6054364664701195,-0.9184199770187671,2.055931234765049,2.897305316358452e-06,61,360,False
sub-067,1,lab_3,EEG2,49.5,50.5,1.2350657138445035e-08,1.67365597555709e-08,1.2747146948769858e-08,1.2853783604531895e-08,0.9688197969538483,1.301971333820859,-0.1375699536004409,1.1460142225057781,5.238648009115761e-06,61,360,False
sub-068,1,lab_3,EEG1,49.5,50.5,6.065025977768955e-10,8.075665205204492e-10,6.465147597912484e-10,6.401535545565336e-10,0.9366621974338085,1.2595524344850872,-0.28417007021733726,1.0021625165467127,2.822343930263863e-06,61,360,False
sub-068,1,lab_3,EEG2,49.5,50.5,2.013169248193173e-09,2.5314697144459216e-09,1.946861947222874e-09,1.9184473763246393e-09,1.0335276845791919,1.3188534083665184,0.1432211434441906,1.2019652604287925,3.7802483757057212e-06,61,360,False
sub-069,1,lab_3,EEG1,49.5,50.5,1.5016863344840632e-09,2.0860721839548008e-09,1.5060546715240301e-09,1.5067133340962549e-09,0.9964378617833829,1.3836000098819996,-0.015497788757639679,1.4101055644447202,5.2749809704080426e-06,61,360,False
sub-069,1,lab_3,EEG2,49.5,50.5,9.451837528034558e-09,1.3508755722694968e-08,9.506457557681391e-09,1.0120613265788855e-08,0.9941498524385317,1.3346445243422496,-0.025481476123018192,1.2536560901620606,5.336242518181562e-06,61,360,False
sub-070,1,lab_2,EEG1,49.5,50.5,1.6102797520691885e-06,7.038547620515834e-06,1.274987726595163e-06,1.2374698409951882e-06,1.2629756785139699,5.687849270739465,1.0139498730240601,7.549480789746927,0.00283568782863091,61,360,False
sub-070,1,lab_2,EEG2,49.5,50.5,1.4341405019396429e-06,6.120878101277443e-06,1.1236396605014526e-06,1.0880600479047066e-06,1.2763337536215733,5.625491430893972,1.059642546386815,7.501604674773458,0.0013362688490116401,61,360,False
sub-070,1,lab_2,EEG3,49.5,50.5,3.9416340563162526e-07,2.8803182966979353e-06,2.467959902177786e-07,2.4246920673471734e-07,1.5971159343710295,11.879060670943563,2.033364426447789,10.747821004470222,0.0017081542523745526,61,360,False
sub-070,1,lab_2,EEG4,49.5,50.5,8.689348600708311e-07,2.8065820468707052e-06,7.617483090980998e-07,7.354189350062267e-07,1.1407097449154728,3.816298570757321,0.5717515167733821,5.816423446904291,0.0019124928500069607,61,360,False
sub-070,2,lab_2,EEG1,49.5,50.5,1.995157665793227e-06,1.2983890357137085e-05,1.6532182049311893e-06,1.6154453974779503e-06,1.2068318949127317,8.037339015028696,0.8164677946283732,9.051122872592517,0.004962660331598261,61,360,False
sub-070,2,lab_2,EEG2,49.5,50.5,0.029307966442575308,0.7254258536270005,3.612081742203805e-05,2.2062545476959967e-05,811.3871092326611,32880.42268305549,29.092281036473388,45.16937391828435,0.05786542521305972,61,360,True
sub-070,2,lab_2,EEG3,49.5,50.5,6.548901544524257e-07,8.272047575372705e-06,3.8265180770831314e-07,3.7658834221161385e-07,1.7114474041743672,21.965697506979524,2.3336355703662193,13.417449985698394,0.0038266123789876994,61,360,False
sub-070,2,lab_2,EEG4,49.5,50.5,1.4759286876497815e-06,7.814581193844538e-06,1.2859314588496024e-06,1.256435984529528e-06,1.1477497729314259,6.219636392485456,0.5984721551847296,7.937649960489367,0.003268698108412712,61,360,False
sub-071,1,lab_2,EEG1,49.5,50.5,0.0002312691749703506,0.003985002546207866,5.3696367119886375e-06,5.29527994135872e-06,43.06979118051158,752.5573412135808,16.341727661352273,28.765395966564157,0.07422547240924943,61,360,False
sub-071,1,lab_2,EEG2,49.5,50.5,0.005476247536904744,0.09526606228630564,9.603411812294793e-06,7.262800950936804e-06,570.2397308062989,13116.984729842125,27.560574730029344,41.17834012959455,0.6857523200550177,61,360,True
sub-071,1,lab_2,EEG3,49.5,50.5,0.0002644468554988745,0.004627027817417419,6.454816729154101e-06,6.338556948405517e-06,40.96891137676323,729.9811495107276,16.124544240618683,28.63311645368163,0.06772105158480717,61,360,False
sub-071,1,lab_2,EEG4,49.5,50.5,0.00024046610305207498,0.004072922888797225,4.990330410845757e-06,4.880112209089072e-06,48.18639951035256,834.5959846200948,16.829244770129122,29.2147629091783,0.10921831418876518,61,360,False
sub-071,2,lab_2,EEG1,49.5,50.5,3.796120326888636e-05,0.0007803140895128629,7.664981851444434e-06,7.427643880110616e-06,4.952549014735595,105.05538459469834,6.94828782388131,20.214183169974163,0.020414536523585502,61,360,False
sub-071,2,lab_2,EEG2,49.5,50.5,0.002295861035409981,0.05488121559162341,8.678865892577689e-06,8.26381017567364e-06,264.53465225667185,6641.150726335379,24.22482569747908,38.2224333701838,0.578655850170087,61,360,True
sub-071,2,lab_2,EEG3,49.5,50.5,5.2126361717773296e-05,0.0010639540903716472,9.075271533475352e-06,8.893226539031111e-06,5.743779211643317,119.63644084243927,7.591977374655378,20.77863484387025,0.02031777944984904,61,360,False
sub-071,2,lab_2,EEG4,49.5,50.5,1.8413025070200234e-05,0.0002852577952158432,7.207148423819927e-06,7.026848446902059e-06,2.554827711680907,40.59540443713439,4.073616182129184,16.08476872479733,0.01308720978662602,61,360,False
sub-072,1,lab_2,EEG1,49.5,50.5,3.099268632027381e-06,2.5401946425661575e-05,2.1928336355954812e-06,2.154176630667306e-06,1.4133617655057473,11.791946060545037,1.502533385323779,10.71585483942657,0.0026261519442355016,61,360,False
sub-072,1,lab_2,EEG2,49.5,50.5,5.754913057627029e-06,9.81304068239038e-05,2.336696043175098e-06,2.299091685524126e-06,2.46284090376015,42.68223175245018,3.914363579007004,16.302471195723598,0.002023063889951815,61,360,False
sub-072,1,lab_2,EEG3,49.5,50.5,2.889008261663663e-06,4.2807488825127374e-05,1.4526117174598378e-06,1.4485937438262775e-06,1.9888358589587654,29.55104525096983,2.9859894175209356,14.705728469330257,0.005699736057247042,61,360,False
sub-072,1,lab_2,EEG4,49.5,50.5,0.07600217709064273,2.068317037377088,7.137499782579195e-05,3.3882361247741476e-05,1064.8291186125907,61044.062460992,30.272799187625047,47.856434280543525,0.8688175991850634,61,360,True
sub-072,2,lab_2,EEG1,49.5,50.5,7.139926811470655e-06,6.727910775291144e-05,4.291744087316921e-06,4.094836156349402e-06,1.6636418674004556,16.430227914824233,2.2105984133501364,12.156435878699012,0.008766154907192892,61,360,False
sub-072,2,lab_2,EEG2,49.5,50.5,0.25391942723803945,6.83028290304277,0.00016398243997104963,8.0019380948167e-05,1548.4549792917633,85357.85626871155,31.898985829382738,49.312434994065704,0.9283119950475635,61,360,True
sub-072,2,lab_2,EEG3,49.5,50.5,6.946262648646208e-06,0.00011576228411146922,2.0733997269366956e-06,2.003772118196792e-06,3.3501785537177975,57.77215147773039,5.250679541497748,17.61718541290903,0.0181862541151568,61,360,False
sub-072,2,lab_2,EEG4,49.5,50.5,0.056177678494105085,1.5939427474150791,6.55530212753583e-05,4.9412239396149375e-05,856.980754573425,32258.054575871705,29.329710689752247,45.08638172338741,0.33413667958704846,61,360,True
sub-073,1,lab_2,EEG1,49.5,50.5,3.5459637787623984e-06,6.941838170834962e-06,3.5264126221247295e-06,3.3737427809500514e-06,1.0055439204621408,2.0576068076159983,0.024010445978124816,3.1336238811504877,0.0026334977529870775,61,360,False
sub-073,1,lab_2,EEG2,49.5,50.5,5.326561030623672e-06,1.1017204190891012e-05,4.976767687131925e-06,4.852718751924327e-06,1.0702850314092716,2.2703153600663177,0.29499451595520854,3.5608618742413425,0.002779501023026491,61,360,False
sub-073,1,lab_2,EEG3,49.5,50.5,3.1573340195296345e-06,1.076066806036122e-05,2.723233120313432e-06,2.6109305421399895e-06,1.1594060150679368,4.121390349262658,0.6423554918678936,6.150437498079624,0.0038501891874827515,61,360,False
sub-073,1,lab_2,EEG4,49.5,50.5,3.587146173228504e-06,8.247167869857129e-06,3.5123497773579505e-06,3.384767026055793e-06,1.0212949675621,2.436553349113085,0.09151191924392219,3.8677592483785967,0.0025885077826556116,61,360,False
sub-073,2,lab_2,EEG1,49.5,50.5,1.8982316607413401e-06,2.8782704172493565e-06,1.8278377190610802e-06,1.7778356292266437e-06,1.038511571587902,1.618973515300672,0.1641134001335079,2.092397442120397,0.0012764823540414908,61,360,False
sub-073,2,lab_2,EEG2,49.5,50.5,3.953069624679465e-06,1.416412064151876e-05,3.458562707095412e-06,3.3608630389972833e-06,1.1429801384226492,4.214428336632338,0.5803868372165476,6.247386733657164,0.0015089737163985944,61,360,False
sub-073,2,lab_2,EEG3,49.5,50.5,1.8651185494982828e-06,1.1275679454877195e-05,1.5415106634277305e-06,1.5142025224575055e-06,1.2099282760864583,7.446607597753514,0.827596263307673,8.719584691085835,0.002716017047280632,61,360,False
sub-073,2,lab_2,EEG4,49.5,50.5,1.6314813162405459e-06,5.264002121861085e-06,1.5147293167777456e-06,1.4955014196235648e-06,1.0770770863761163,3.519888736245639,0.3224678685431073,5.465289356378385,0.0019374581660633887,61,360,False
sub-074,1,lab_2,EEG1,49.5,50.5,3.770721749131432e-06,6.0671932069808475e-06,3.6725597624270517e-06,3.649988330910693e-06,1.0267282131064075,1.6622495730602722,0.1145549601303384,2.2069623007753725,0.0009556678123946228,61,360,False
sub-074,1,lab_2,EEG2,49.5,50.5,4.144526254991957e-06,6.4746543376242225e-06,4.066908437355553e-06,4.049383208138766e-06,1.0190849633688606,1.5989231954357308,0.0821039360845864,2.0382760283371075,0.001090411004783855,61,360,False
sub-074,1,lab_2,EEG3,49.5,50.5,4.259359192406585e-06,6.131329064815638e-06,4.279872053680661e-06,4.203979045329978e-06,0.9952068995933339,1.4584581750397865,-0.020866217555881274,1.6389397914891093,0.0018278381562761973,61,360,False
sub-074,1,lab_2,EEG4,49.5,50.5,4.1300879823929414e-06,6.653647503087435e-06,4.120011616378912e-06,3.975837780886332e-06,1.0024454696992857,1.673520449338778,0.010607574993276496,2.2363102352448836,0.0012829424472138747,61,360,False
sub-074,2,lab_2,EEG1,49.5,50.5,0.001187321550851324,0.03356257726248659,3.5481670056014716e-06,3.218868370713627e-06,334.62946201445556,10426.821780296643,25.245641752008524,40.1815195045707,0.3367915713762378,61,360,True
sub-074,2,lab_2,EEG2,49.5,50.5,0.0011929925734711394,0.033824187351328965,3.322922008977224e-06,3.028065238343473e-06,359.0190233863816,11170.227032362658,25.55117461204631,40.4806200014339,0.33841362927794794,61,360,True
sub-074,2,lab_2,EEG3,49.5,50.5,0.0012035782302098727,0.0341973042907092,4.453546457388304e-06,4.300659918325121e-06,270.251578483389,7951.639280603232,24.317682392567043,39.004566704339226,0.40704041657789336,61,360,True
sub-074,2,lab_2,EEG4,49.5,50.5,0.001204517162372641,0.034017093267222694,5.140835239226242e-06,4.881436022288353e-06,234.30374093261045,6968.663758623261,23.6977922267046,38.431495101078724,0.3296729967119005,61,360,True
sub-075,1,lab_2,EEG1,49.5,50.5,0.005196072678214552,0.09864739130861859,9.558589634099566e-06,5.86016800236923e-06,543.6023862846419,16833.54034136832,27.352813545136904,42.261754641056044,0.7096994701276924,61,360,True
sub-075,1,lab_2,EEG2,49.5,50.5,0.005179917990154099,0.09835406638541784,9.692454557062683e-06,6.0422805196504255e-06,534.4278299403297,16277.637191440905,27.27889065625455,42.11591364362025,0.6952512833163789,61,360,True
sub-075,1,lab_2,EEG3,49.5,50.5,0.00598605991997598,0.11311812539935466,1.2604972817316782e-05,8.42387128575178e-06,474.89665640973396,13428.28114698317,26.76599111868997,41.28020425464356,0.7297033385178677,61,360,True
sub-075,1,lab_2,EEG4,49.5,50.5,0.00524554591758516,0.09951194159808444,1.0499551356897862e-05,6.838025176449729e-06,499.5971008363045,14552.728964508084,26.98619909497038,41.62944440957445,0.7439271468603034,61,360,True
sub-075,2,lab_2,EEG1,49.5,50.5,1.6530864051228056,29.412967003469156,0.0012131133355830555,0.0005348299635108309,1362.6809262348154,54994.98710841866,31.34394177039596,47.403231045784054,0.9919538281459057,61,360,True
sub-075,2,lab_2,EEG2,49.5,50.5,0.0035350331146448612,0.0634154677605322,7.274968526945695e-06,6.260874959877907e-06,485.9172401412107,10128.849088677498,26.865623079236173,40.05560100559411,0.45236812208874644,61,360,True
sub-075,2,lab_2,EEG3,49.5,50.5,0.0014622047794584604,0.026029526307737385,7.0702641204924185e-06,6.781852752986132e-06,206.81045965594893,3838.113774759043,23.15572499876388,35.84117844557259,0.26597010317355785,61,360,True
sub-075,2,lab_2,EEG4,49.5,50.5,0.0015585397637992182,0.027868958516709192,5.824991384090325e-06,5.437605029296192e-06,267.56082429498514,5125.22576416158,24.274225252467062,37.0971300064878,0.36655663961020085,61,360,True
sub-076,1,lab_2,EEG1,49.5,50.5,0.0007001871912142047,0.01258956789347487,5.51030484134556e-06,5.18326652593175e-06,127.06866213495441,2428.8863791979857,21.040384573992647,33.85407199431941,0.2616841907501342,61,360,True
sub-076,1,lab_2,EEG2,49.5,50.5,0.0011677426944713843,0.02124397741425106,6.19310762711799e-06,5.358269019666661e-06,188.55517717841195,3964.7082614871006,22.754384613724994,35.98211235767683,0.42112223618395894,61,360,True
sub-076,1,lab_2,EEG3,49.5,50.5,0.0011441562269943254,0.020750146917411748,8.058346213588776e-06,6.38092770098607e-06,141.9839821576485,3251.900763944462,21.52239352461052,35.121372840533624,0.4111598003930052,61,360,True
sub-076,1,lab_2,EEG4,49.5,50.5,0.0018781620687576407,0.033629081429587926,5.8593839386503385e-06,5.205943411128342e-06,320.53911603736685,6459.746546217753,25.058810349238158,38.10215478407091,0.6144783350248053,61,360,True
sub-076,2,lab_2,EEG1,49.5,50.5,0.0002119776598121033,0.004195204277097681,5.86970322674787e-06,5.722580707561855e-06,36.113857125225245,733.0964399432011,15.576738755423875,28.651611104939775,0.12351456737634962,61,360,False
sub-076,2,lab_2,EEG2,49.5,50.5,0.0004295691206741256,0.008571850843558187,5.069452018222424e-06,4.9113086396688464e-06,84.73677912193212,1745.3289392147058,19.280719522758318,32.41877289761114,0.2577688433607679,61,360,False
sub-076,2,lab_2,EEG3,49.5,50.5,0.0004218995985869871,0.008421373843833431,5.040691711746685e-06,4.8903282908936955e-06,83.6987340259414,1722.0463782500105,19.22718889179575,32.36044843718581,0.2560584986627595,61,360,False
sub-076,2,lab_2,EEG4,49.5,50.5,4.47692263364574e-05,0.0010421879973940883,4.7132532659909324e-06,4.555341285501164e-06,9.498580770296073,228.7836856324025,9.776587200600895,23.59425052059631,0.044622226146773865,61,360,False
sub-077,1,lab_2,EEG1,49.5,50.5,6.01164428133488e-06,6.373994224461108e-05,2.7770670379031436e-06,2.702685441885032e-06,2.1647450473968366,23.58392052322379,3.3540675471788606,13.726160026281146,0.005099204350871886,61,360,False
sub-077,1,lab_2,EEG2,49.5,50.5,0.0007026489662618162,0.013791263928994843,3.7206967886482326e-06,3.593412828515499e-06,188.84870692953962,3837.928106012842,22.761140155056786,35.84096835054391,0.3263513796531166,61,360,True
sub-077,1,lab_2,EEG3,49.5,50.5,0.00010063442021420836,0.001958198883306411,5.517870899222708e-06,5.385083774683251e-06,18.23790440448328,363.63380805302023,12.609749349872523,25.606642540007172,0.042365423529427466,61,360,False
sub-077,1,lab_2,EEG4,49.5,50.5,6.65210232484275e-05,0.0012155695740360987,6.135565994697714e-06,6.0683735867496994e-06,10.841870572990922,200.31221814986435,10.351042184978938,23.017074401234954,0.021347583202280213,61,360,False
sub-077,2,lab_2,EEG1,49.5,50.5,2.8258001383520095e-05,0.0006573393778536373,3.515838820285794e-06,3.419302769529974e-06,8.037340387487582,192.24363266911408,9.051123614195266,22.838519643774365,0.032585588875933415,61,360,False
sub-077,2,lab_2,EEG2,49.5,50.5,0.0006142083997990269,0.015606595916970232,4.323687560393929e-06,4.028914491662178e-06,142.05657766966144,3873.646878240065,21.52461347735134,35.88120027890148,0.39160763642299856,61,360,True
sub-077,2,lab_2,EEG3,49.5,50.5,0.00021488473913542554,0.005511206125282796,6.609904849988049e-06,6.451215420847932e-06,32.50950074210422,854.2894495792494,15.12010299960179,29.316050428866575,0.12375655879119304,61,360,False
sub-077,2,lab_2,EEG4,49.5,50.5,9.337468513217054e-05,0.0023259515933439475,7.264889585779531e-06,7.159296920323384e-06,12.852868743122485,324.88543139700556,11.090000724345417,25.1173023702751,0.044158484048790636,61,360,False
sub-078,1,lab_2,EEG1,49.5,50.5,0.0008346557292266947,0.01890931965027338,6.8310064007996675e-06,6.479126552211862e-06,122.186330690988,2918.4978221053957,20.87022622948034,34.65159373559161,0.33077806526056563,61,360,True
sub-078,1,lab_2,EEG2,49.5,50.5,0.013109319604713737,0.3031858564709868,1.2473619228689176e-05,9.031641894232949e-06,1050.9635025253103,33569.29187983978,30.215876342707872,45.259421802137055,0.8985851747115471,61,360,True
sub-078,1,lab_2,EEG3,49.5,50.5,2.683538568451503e-05,0.0004964523566751699,4.989056925282827e-06,4.848382811277864e-06,5.378848288876851,102.3954323748809,7.306892951217106,20.10280584192277,0.026378298574291546,61,360,False
sub-078,1,lab_2,EEG4,49.5,50.5,0.00012430650197999522,0.0025526548929861808,6.995966438633576e-06,6.774400834741619e-06,17.768307681585533,376.8088984469787,12.496460659849395,25.76121150226968,0.0697593426909425,61,360,False
sub-078,2,lab_2,EEG1,49.5,50.5,0.0005938989213477519,0.014495078937331825,5.5617575360357244e-06,5.504127508335576e-06,106.78257919680696,2633.492098772794,20.28500406477066,34.20532019688175,0.17958639587105343,61,360,True
sub-078,2,lab_2,EEG2,49.5,50.5,0.011458820376082623,0.2805373915577819,1.0770185612260938e-05,7.133574511041101e-06,1063.9388887689036,39326.33657884126,30.2691668337947,45.946834918535224,0.8370321911373058,61,360,True
sub-078,2,lab_2,EEG3,49.5,50.5,7.418511927206923e-05,0.0017539798504883027,4.0316548703726495e-06,3.924441834001464e-06,18.4006576099989,446.93729140141386,12.648333442753385,26.50246592687172,0.042719198665849036,61,360,False
sub-078,2,lab_2,EEG4,49.5,50.5,1.4675222168814833e-05,0.00021519513040755246,5.699489082170561e-06,5.627171251751448e-06,2.5748307229663614,38.24214379443838,4.107486825043097,15.82542230152143,0.005430064311428514,61,360,False
sub-079,1,lab_2,EEG1,49.5,50.5,2.1973862330069213e-05,0.0005677388344282607,1.5200591143085262e-06,1.4859492170397732e-06,14.45591665962836,382.0712349026592,11.600456357919857,25.82144342076532,0.027155968698366787,61,360,False
sub-079,1,lab_2,EEG2,49.5,50.5,2.9303326464147694e-05,0.0007607360738882431,1.5798116125401733e-06,1.5505321641664763e-06,18.54860901321139,490.6287020937045,12.68311346806225,26.907529511192422,0.021425202959117644,61,360,False
sub-079,1,lab_2,EEG3,49.5,50.5,1.5940920785655923e-05,0.00042551970496442144,5.312556673681537e-07,5.173770901491812e-07,30.006062539652007,822.4540487242642,14.772090101035403,29.15111642861564,0.040689387133299074,61,360,False
sub-079,1,lab_2,EEG4,49.5,50.5,1.970858924093752e-05,0.00048167346451582723,1.8936265646479611e-06,1.8466745201009802e-06,10.407848728480822,260.83275555062767,10.173609714029688,24.163621294740892,0.017434648129788004,61,360,False
sub-079,2,lab_2,EEG1,49.5,50.5,8.038355129172266e-05,0.002032792598917411,2.4063424682754933e-06,2.1831897643828397e-06,33.40485360941826,931.1108456855607,15.238095728788013,29.690013853895422,0.09993183569199826,61,360,False
sub-079,2,lab_2,EEG2,49.5,50.5,0.0005817618233242123,0.015200251269868459,1.8703920130152568e-06,1.7808514612900075e-06,311.0372094399322,8535.379319889169,24.928123468654096,39.31222826314744,0.39749882781296464,61,360,True
sub-079,2,lab_2,EEG3,49.5,50.5,1.4517174611890258e-05,0.00036764913541707865,8.120910795204697e-07,8.040744931791042e-07,17.876266716531045,457.232111332594,12.522768257742898,26.601367232211366,0.031974490230053575,61,360,False
sub-079,2,lab_2,EEG4,49.5,50.5,1.8904395992500476e-05,0.0004247535770689811,3.099454017250979e-06,2.9973752066512882e-06,6.099264511755194,141.70846359774168,7.852774681675251,21.513957894431435,0.01785994238016993,61,360,False
sub-080,1,lab_2,EEG1,49.5,50.5,9.662756913027373e-05,0.0024471314528641134,3.290809956162489e-06,3.1989732952879806e-06,29.362844118810756,764.9737781477909,14.677981195438683,28.836465486164975,0.09071749202589036,61,360,False
sub-080,1,lab_2,EEG2,49.5,50.5,0.00010586345180219644,0.0025380973553873424,3.7247910226148758e-06,3.6136059670851867e-06,28.421305447244343,702.372277479481,14.536440220613429,28.465673617031637,0.08554826799361422,61,360,False
sub-080,1,lab_2,EEG3,49.5,50.5,9.143684490824718e-05,0.0022525773569728427,4.735796949505542e-06,4.620626628861114e-06,19.307589952775324,487.5046287874219,12.857280668642035,26.879787436187446,0.08051416439246616,61,360,False
sub-080,1,lab_2,EEG4,49.5,50.5,9.417429111208853e-05,0.0024483332414768355,2.490848744619753e-06,2.4322567657357254e-06,37.80809794549248,1006.6092812890034,15.775848293711398,30.02860930426327,0.12460937954129861,61,360,False
sub-080,2,lab_2,EEG1,49.5,50.5,0.003678210725549295,0.0978993198049945,4.255557985032977e-06,3.1971511422203273e-06,864.330805538298,30620.78857999117,29.3667999192739,44.86016370932091,0.8041325997011097,61,360,True
sub-080,2,lab_2,EEG2,49.5,50.5,0.0035655415592318763,0.09516258029251923,4.71731329969484e-06,3.7058939631721e-06,755.8414243169102,25678.7041290193,28.784306899880562,44.095731033603485,0.7381876406336849,61,360,True
sub-080,2,lab_2,EEG3,49.5,50.5,0.0036365990412958685,0.09706157212498585,4.975257333369926e-06,3.977272154326127e-06,730.9367268237237,24404.04979965,28.638797840978935,43.874619025558495,0.7867475195691183,61,360,True
sub-080,2,lab_2,EEG4,49.5,50.5,0.003774042333890092,0.10057047013509705,3.823518647400521e-06,2.6706253703622877e-06,987.059746497166,37658.008342609915,29.943434412093698,45.7585734731402,0.86230440852,61,360,True
sub-081,1,lab_2,EEG1,49.5,50.5,7.502539465472754e-05,0.0019252064532361728,6.954368566857465e-06,6.68596761198626e-06,10.788238090232808,287.947276597255,10.329505225170166,24.593129753320582,0.04951681191162941,61,360,False
sub-081,1,lab_2,EEG2,49.5,50.5,0.00040084367693686394,0.010246975449208849,5.672495787374434e-06,5.4780355298533056e-06,70.66441673956382,1870.5562464519105,18.492007786645523,32.71970771692966,0.2837586437140248,61,360,False
sub-081,1,lab_2,EEG3,49.5,50.5,0.00039827862652646153,0.010180257680609348,5.5528303972659764e-06,5.341069378874357e-06,71.72532317883093,1906.0332402425413,18.556725137596835,32.801304702414654,0.28682667679507146,61,360,False
sub-081,1,lab_2,EEG4,49.5,50.5,4.771144597551239e-05,0.0012196944070477192,6.037619930248638e-06,5.792274509113099e-06,7.9023586486652055,210.57258155775745,8.977567362543184,23.23401821486801,0.04544227814656461,61,360,False
sub-081,2,lab_2,EEG1,49.5,50.5,0.0016036559527566707,0.03217737804994018,6.21906636798129e-06,5.834985993483707e-06,257.8611643625301,5514.558658978102,24.113859393730486,37.41510760721779,0.3940728148094191,61,360,True
sub-081,2,lab_2,EEG2,49.5,50.5,0.0029766335986446324,0.059623165717112375,7.513480197185851e-06,6.759847443753182e-06,396.17236278697555,8820.192673433457,25.978841756251462,39.45478072217422,0.546114612134236,61,360,True
sub-081,2,lab_2,EEG3,49.5,50.5,0.0019129317045871,0.03831726917508003,6.023014990380142e-06,5.579815808512297e-06,317.60362377294064,6867.119565041108,25.01885448967949,38.36774609063861,0.460557713983032,61,360,True
sub-081,2,lab_2,EEG4,49.5,50.5,0.0015181752746643883,0.030394085377610056,5.522773310211395e-06,5.189728666261763e-06,274.8935932176952,5856.583547154847,24.391646181169303,37.67644343098658,0.44924681603688393,61,360,True
sub-082,1,lab_2,EEG1,49.5,50.5,0.0006261862552836845,0.010938394713750911,3.279014084563306e-06,3.1724150769057166e-06,190.96778731869696,3447.969764552419,22.809601160981046,35.3756344881578,0.3040177319930323,61,360,True
sub-082,1,lab_2,EEG2,49.5,50.5,0.0006811046721441731,0.011916001533379666,3.1320761539414786e-06,2.9918941175429306e-06,217.46101346419746,3982.7604462169734,23.37381407704296,36.001841853912985,0.3091097221560477,61,360,True
sub-082,1,lab_2,EEG3,49.5,50.5,0.000576334273752865,0.010046451753956053,4.682923557599275e-06,4.468018923063527e-06,123.07144107577201,2248.5243859583416,20.901572858951212,33.51897601990558,0.2355943604115785,61,360,True
sub-082,1,lab_2,EEG4,49.5,50.5,0.0006204745347895002,0.010870222908100647,5.541284266881265e-06,5.37307964833629e-06,111.97303602070542,2023.0894750233242,20.49113453765978,33.060150907043635,0.24237139015334044,61,360,True
sub-082,2,lab_2,EEG1,49.5,50.5,0.0012334137127928226,0.02991207368425703,3.5843421345479057e-06,3.33961458576844e-06,344.11150564924736,8956.741551849691,25.366991938544135,39.52150042761419,0.30860373629583165,61,360,True
sub-082,2,lab_2,EEG2,49.5,50.5,1.2605115094983406,30.4309062761898,0.0007972472437998713,0.0003638038542997647,1581.0797939035338,83646.4645244497,31.989537884505644,49.22447589411132,0.9939665603391394,61,360,True
sub-082,2,lab_2,EEG3,49.5,50.5,0.0017555392496079116,0.043623280958979035,6.625922646163678e-06,6.321760781333912e-06,264.9501176525548,6900.494271673486,24.231641167012427,38.38880199689764,0.31574465085391956,61,360,True
sub-082,2,lab_2,EEG4,49.5,50.5,0.001627426944711029,0.040474874455293026,6.182850095619115e-06,5.7227195780990655e-06,263.21626051517705,7072.6630634721105,24.20312714857886,38.495829691017775,0.3195865959283472,61,360,True
sub-083,1,lab_2,EEG1,49.5,50.5,4.687053315745393e-05,0.0009649131755586957,5.365801994348951e-06,5.320885865098992e-06,8.735045473495038,181.34442622484588,9.412651702046965,22.58504211711366,0.011661962331410586,61,360,False
sub-083,1,lab_2,EEG2,49.5,50.5,8.599722417617519e-05,0.0018950841304115765,4.4389880538570635e-06,4.314508919624507e-06,19.373155268642012,439.2350847988098,12.87200359189125,26.426970229856543,0.023524571515379077,61,360,False
sub-083,1,lab_2,EEG3,49.5,50.5,5.4401996837621084e-05,0.0011857714134523004,3.1131790303978e-06,3.0593716966842465e-06,17.474735256691734,387.58645350317784,12.424106048796125,25.883685896593565,0.029310985952815196,61,360,False
sub-083,1,lab_2,EEG4,49.5,50.5,5.756486961671757e-05,0.0012385786696623795,3.940033078894356e-06,3.89001204842385e-06,14.610246628341676,318.39961826457755,11.64657547106389,25.02972538381943,0.028086386520213148,61,360,False
sub-083,2,lab_2,EEG1,49.5,50.5,5.757332460638036e-05,0.0009885601354852637,5.949927219385563e-06,5.784211563820444e-06,9.676305744126413,170.90660562313855,9.857095823944311,22.327588487373447,0.022914788292066574,61,360,False
sub-083,2,lab_2,EEG2,49.5,50.5,0.00012444636657040108,0.002273963971278069,5.396384032658975e-06,5.2542025958608275e-06,23.061061398927325,432.7894665272315,13.628792920779143,26.36276682124466,0.047957826053323514,61,360,False
sub-083,2,lab_2,EEG3,49.5,50.5,6.627811897134843e-05,0.0011627766445492477,4.460264812155205e-06,4.421312228752202e-06,14.859679167713722,262.99350088738464,11.720094327626933,24.199450163086908,0.04818233070401005,61,360,False
sub-083,2,lab_2,EEG4,49.5,50.5,8.826415566972178e-05,0.0016124360898068677,3.478406244452678e-06,3.4011614750915823e-06,25.374876909678818,474.08381740523885,14.044039442187477,26.758551311646546,0.06661269974989902,61,360,False
sub-084,1,lab_2,EEG1,49.5,50.5,0.000579187999692448,0.010105548817424446,7.449419866492514e-06,7.0700370767464794e-06,77.74939959395164,1429.3485703651063,18.906970439491634,31.55138151622385,0.32378114128129165,61,360,False
sub-084,1,lab_2,EEG2,49.5,50.5,0.000824503460900226,0.01453337916870964,3.584080744166869e-06,3.224859832094031e-06,230.04594196047958,4506.668636386562,23.61814576658781,36.53855626702145,0.33226087197512294,61,360,True
sub-084,1,lab_2,EEG3,49.5,50.5,0.0004530084454891774,0.008048294450797272,3.411968680082408e-06,3.306387765781491e-06,132.7703608076131,2434.1645888985454,21.231011354660353,33.86349940218517,0.2409596814346244,61,360,True
sub-084,1,lab_2,EEG4,49.5,50.5,0.0010532079782401718,0.018530943460248004,5.435918348654678e-06,5.151055099088784e-06,193.74974327034997,3597.5037164759487,22.872411357133476,35.56001251265811,0.3984658039623548,61,360,True
sub-084,2,lab_2,EEG1,49.5,50.5,0.00048555802676509977,0.01317876966322552,2.866857385367821e-06,2.759641563162904e-06,169.36937982125065,4775.535005562809,22.288348972775864,36.79022032872244,0.18275862705728832,61,360,True
sub-084,2,lab_2,EEG2,49.5,50.5,0.0014084718715598845,0.038263341157735636,3.5059654366941494e-06,3.078037424847958e-06,401.73569741527893,12431.079758085114,26.03940423968821,40.945088529064805,0.38424108447785926,61,360,True
sub-084,2,lab_2,EEG3,49.5,50.5,0.0004667948879711019,0.012663060188683711,2.872560964787014e-06,2.765003712005209e-06,162.50124233811346,4579.760798852431,22.108566855519722,36.60842795372574,0.2040095112808513,61,360,True
sub-084,2,lab_2,EEG4,49.5,50.5,0.00020670975579373393,0.005588899926680781,3.579202416695528e-06,3.5752906621127855e-06,57.75300583071558,1563.2011189202037,17.615745925766863,31.94014857237477,0.0930580356818837,61,360,False
sub-085,1,lab_2,EEG1,49.5,50.5,0.019835678839221105,0.4439745544889354,1.1027618615795582e-05,5.281841844138408e-06,1798.7271533023468,84056.75208258833,32.54965290748562,49.24572605038193,0.9773750466203478,61,360,True
sub-085,1,lab_2,EEG2,49.5,50.5,0.0001778101594335281,0.0035814492260986723,3.051516472733185e-06,3.0060014179659183e-06,58.2694220244025,1191.4325832519269,17.654407103356085,30.76069472993828,0.10609052354381945,61,360,False
sub-085,1,lab_2,EEG3,49.5,50.5,0.000174655702224704,0.0035189835630089904,3.024884686605354e-06,2.976497513196845e-06,57.739604176814204,1182.2561131500452,17.614738023293537,30.72711568321186,0.1053426391142452,61,360,False
sub-085,1,lab_2,EEG4,49.5,50.5,9.138332683676988e-05,0.0018589434404130062,3.1298444192496697e-06,3.064455970390141e-06,29.19739303248963,606.6143066699159,14.653440760324013,27.82912648695598,0.07035218979043413,61,360,False
sub-085,2,lab_2,EEG1,49.5,50.5,0.0007339030945898853,0.014158752555101102,4.603975072171021e-06,4.416311516083283e-06,159.4063659509444,3206.012369717473,22.025056611138094,35.059651936543325,0.21725530991307077,61,360,True
sub-085,2,lab_2,EEG2,49.5,50.5,0.0006509895789221786,0.01260041529548838,3.3805638894198358e-06,3.280237055586675e-06,192.56828376807164,3841.3112347221945,22.845847598458207,35.84479496450892,0.2610697012325683,61,360,True
sub-085,2,lab_2,EEG3,49.5,50.5,0.0006219192478368831,0.012039342352855429,3.2976311145192765e-06,3.205745893123218e-06,188.59570329225326,3755.5498778401775,22.755317941397998,35.74673534263747,0.2575142511109349,61,360,True
sub-085,2,lab_2,EEG4,49.5,50.5,0.00027808103021890145,0.005336487215776734,4.00558404859945e-06,3.931129635153461e-06,69.4233243945556,1357.4942455628702,18.415054063916173,31.32737997284392,0.14813562901348248,61,360,False
sub-086,1,lab_2,EEG1,49.5,50.5,0.004065579637491464,0.08975345178884622,8.05220086844633e-06,6.206594154669166e-06,504.9028456952876,14460.980546044719,27.032078184401453,41.601977418726634,0.3950228287970128,61,360,True
sub-086,1,lab_2,EEG2,49.5,50.5,0.6819425142790517,14.98974644517789,0.0007502323537650013,0.0003374837820212301,908.9750794507652,44416.197753226355,29.58551976725403,46.47541378042484,0.754285130348839,61,360,True
sub-086,1,lab_2,EEG3,49.5,50.5,0.007527603618078822,0.1711386387292966,1.1951458477296419e-05,7.815600654576511e-06,629.8480643622337,21897.052369485147,27.99235799029666,43.4038565703988,0.6638466283460188,61,360,True
sub-086,1,lab_2,EEG4,49.5,50.5,0.007469532608045588,0.16928800867731514,1.1573772392577558e-05,7.480459591893398e-06,645.3843836994351,22630.69320367427,28.098184526154313,43.54697857088609,0.7239585632958804,61,360,True
sub-086,2,lab_2,EEG1,49.5,50.5,2.0605754607726245,31.284619101887657,0.0014035062030979364,0.0006139190206592489,1468.1627019219347,50958.86916377702,31.66774186800381,47.07219781937562,0.9939146474889988,61,360,True
sub-086,2,lab_2,EEG2,49.5,50.5,0.00013500481348025891,0.001938935921139998,5.510984287242149e-06,5.380381869249988e-06,24.497400454469204,360.3713654322672,13.891200015817875,25.567502752903472,0.06057723690585233,61,360,False
sub-086,2,lab_2,EEG3,49.5,50.5,8.935636913617398e-05,0.0012361728589141896,7.2594920334656e-06,7.018634075511863e-06,12.308899357606554,176.12724491507154,10.902192207389454,22.45826541663275,0.02852397081370936,61,360,False
sub-086,2,lab_2,EEG4,49.5,50.5,9.454042351061006e-05,0.0012968346509532286,6.446658213565807e-06,6.243254752694567e-06,14.66502577205681,207.71768806580113,11.662828305387094,23.174734801763776,0.0421189624570512,61,360,False
sub-087,1,lab_5,EEG1,49.5,50.5,1.2320857778012283e-07,8.578792154448499e-07,8.378771752044512e-07,8.414781396420274e-07,0.14704831970358773,1.0194895809417204,-8.325399337355913,0.08382791701009992,0.00015271145842966246,61,360,False
sub-087,1,lab_5,EEG2,49.5,50.5,2.0661618301392088e-07,1.746329666470381e-06,1.2800604525126118e-06,1.2814272970300213e-06,0.1614111436668586,1.3627993626470292,-7.9206648531163415,1.3443192178569259,0.0001303585124317685,61,360,False
sub-087,2,lab_5,EEG1,49.5,50.5,1.7186142642000144e-08,8.101370029349002e-08,4.429291767560751e-08,3.1895838335566175e-08,0.3880023159808347,2.5398661598117296,-4.11165682098759,4.048108317434577,4.8570419138503975e-06,61,360,False
sub-087,2,lab_5,EEG2,49.5,50.5,2.118446395550763e-08,1.9787841417631408e-07,3.4422279354145536e-08,2.3491329078084914e-08,0.6154109763210698,8.423107539426868,-2.1083476204761937,9.25472345447797,6.977610898654954e-06,61,360,False
sub-087,3,lab_5,EEG1,49.5,50.5,1.154017050065885e-06,3.120501920550401e-05,8.237017070787042e-07,8.162728026881066e-07,1.4010116030316986,38.228617778423626,1.4644173208249662,15.823885956372571,0.0010051966762810853,61,360,False
sub-087,3,lab_5,EEG2,49.5,50.5,3.584708225896615e-07,7.3524081684375206e-06,1.2036966919900936e-06,1.1967659199196248e-06,0.2978080168925103,6.143558988855833,-5.2606361536238495,7.8842003261262406,0.00015975946653321255,61,360,False
sub-087,4,lab_5,EEG1,49.5,50.5,1.2109872096905115e-08,3.113228862695574e-08,3.557638992198067e-08,2.4243973538567265e-08,0.34038112754930655,1.2840718748334616,-4.680345274005433,1.0858933367860233,2.5989458849606914e-06,61,360,False
sub-087,4,lab_5,EEG2,49.5,50.5,1.1572612394443796e-08,4.28342388563969e-08,2.6200380464248563e-08,1.728191938967346e-08,0.44167949128613554,2.4784145485276254,-3.548927660746677,3.941739497724408,2.9022786558944243e-06,61,360,False
sub-087,5,lab_5,EEG1,49.5,50.5,1.5641545772583105e-08,6.837242769341663e-08,3.5054684018239263e-08,2.566175306847301e-08,0.44619142973918013,2.664267060941834,-3.5047877572025254,4.255777555135227,3.003789937497738e-06,61,360,False
sub-087,5,lab_5,EEG2,49.5,50.5,2.117627398145534e-08,1.346164898972822e-07,3.1645884672069564e-08,2.369511900988876e-08,0.66914245117292,5.680950954082592,-1.7448141710045115,7.544210398558886,3.855153134345424e-06,61,360,False
sub-087,6,lab_5,EEG1,49.5,50.5,1.4747343404843728e-08,4.230990115755206e-08,3.630510616212762e-08,2.535392211708619e-08,0.4061945761682172,1.66870562497371,-3.9126587993541246,2.2237972989375407,3.428040617344351e-06,61,360,False
sub-087,6,lab_5,EEG2,49.5,50.5,9.616241553403582e-09,5.9317633648686426e-08,2.148474360303387e-08,1.3968147372682923e-08,0.44756382329935884,4.24633172420271,-3.491450248603685,6.280139183188655,3.083938685583593e-06,61,360,False
sub-088,1,lab_5,EEG1,49.5,50.5,2.1856532825102668e-07,1.4257693655364413e-06,1.8951308338351955e-06,1.9149521276181138e-06,0.11532988067047244,0.7445453076493124,-9.380581573237547,-1.2810886908197208,0.00010542032785225671,61,360,False
sub-088,1,lab_5,EEG2,49.5,50.5,2.9314142506671514e-07,2.0617983026745193e-06,2.0523135483909246e-06,2.013764251874695e-06,0.14283455004328977,1.0238523585383692,-8.45166728983639,0.10237335063118913,0.0001683345709607912,61,360,False
sub-088,2,lab_5,EEG1,49.5,50.5,2.6147433755804946e-06,6.107753838814624e-05,1.5748940689893366e-06,1.5833483821019113e-06,1.6602651357962939,38.57489640540689,2.2017744817200544,15.863047684196934,0.0009028355595503206,61,360,False
sub-088,2,lab_5,EEG2,49.5,50.5,2.8366468059960596e-07,3.985146583439741e-06,1.297738440797791e-06,1.2866016524764579e-06,0.21858369383088322,3.097418286655258,-6.603822391977126,4.909998580271543,9.941657078512752e-05,61,360,False
sub-089,1,lab_5,EEG1,49.5,50.5,1.519265992377688e-05,0.0001921407077923489,4.40989992701598e-06,4.375015729612374e-06,3.4451249983199057,43.91770812939784,5.3720498389130285,16.426396681285965,0.004049556633610527,61,360,False
sub-089,1,lab_5,EEG2,49.5,50.5,0.0014368273823456511,0.03024765160889046,5.8049733373752174e-06,5.154577935806852e-06,247.51657782441262,5868.112989554162,23.936042918213253,37.68498467520846,0.2678502736322829,61,360,True
sub-089,2,lab_5,EEG1,49.5,50.5,1.612714378641286e-05,0.00025069018026566885,5.6037359372308805e-06,5.391595230607868e-06,2.8779266348613044,46.49646775151876,4.5907971855104455,16.674199616148762,0.004158930005919509,61,360,False
sub-089,2,lab_5,EEG2,49.5,50.5,0.0019010169647064646,0.0464748458636369,7.286458741647925e-06,6.369726416545426e-06,260.8972027719631,7296.20638756347,24.164694228058053,38.63097110368635,0.2917423032679744,61,360,True
sub-090,1,lab_5,EEG1,49.5,50.5,1.0310787989152413e-05,0.00012564430101967927,3.7923929971225655e-06,3.7257286234170917e-06,2.7188071695545357,33.723408223177316,4.343784064960316,15.279314597166675,0.003345352471906263,61,360,False
sub-090,1,lab_5,EEG2,49.5,50.5,1.0428165394002854e-05,0.00010264891778901621,4.765325839356324e-06,4.732167807370337e-06,2.1883421107399714,21.69172782448945,3.401152176580327,13.3629414651653,0.0029559801134030664,61,360,False
sub-090,2,lab_5,EEG1,49.5,50.5,1.1937410988445815e-05,0.0001604021995885416,3.5253441076306486e-06,3.412526804891726e-06,3.386168055606005,47.00392458593635,5.2970850835401695,16.72134120805057,0.002231345501272289,61,360,False
sub-090,2,lab_5,EEG2,49.5,50.5,1.2909693734948284e-05,0.0001646498404014696,4.595981362990331e-06,4.490255678978067e-06,2.8089084585931086,36.66824686711275,4.48537585917401,15.6429014655348,0.0032635464802998,61,360,False
sub-091,1,lab_5,EEG1,49.5,50.5,9.94436225868923e-07,1.6346802321345624e-05,8.606278241838665e-07,8.667225396117721e-07,1.1554763190879016,18.860457313375587,0.6276104925744447,12.755522189563509,0.0010929983917421272,61,360,False
sub-091,1,lab_5,EEG2,49.5,50.5,2.3780352434145634e-07,2.875433800207056e-06,1.1037338786768697e-06,1.0895555103182096e-06,0.21545348338228593,2.639086429181423,-6.666464799840144,4.214536134494374,0.00019686880104936895,61,360,False
sub-091,2,lab_5,EEG1,49.5,50.5,4.033206270283963e-06,5.518901788120425e-05,5.045624078101344e-06,5.002253669622675e-06,0.7993471983855068,11.03282849958681,-0.9726454284941654,10.426868673165433,0.0009818825396503323,61,360,False
sub-091,2,lab_5,EEG2,49.5,50.5,1.9948979238434122e-06,2.6380907190098018e-05,3.059784197526878e-06,2.997712270365997e-06,0.6519731925809111,8.800343732300028,-1.8577026094460958,9.44499635573597,0.0005974034103809296,61,360,False
sub-091,3,lab_5,EEG1,49.5,50.5,1.0838920813255472e-05,0.00018125987601921016,7.517090194392216e-07,7.535713127100751e-07,14.419018681354476,240.53415042193433,11.589357045044686,23.811767451044183,0.00827154007838207,61,360,False
sub-091,3,lab_5,EEG2,49.5,50.5,2.126543243555083e-06,3.4379930495324235e-05,9.97477985220072e-07,1.0045783150838456e-06,2.131917839939162,34.223211626107165,3.287704637934824,15.343207628336204,0.0009832658024373443,61,360,False
sub-091,4,lab_5,EEG1,49.5,50.5,2.160785510712938e-06,5.704410447836756e-05,3.774377337075308e-06,3.714023366588781e-06,0.5724877894427745,15.359108839331835,-2.422337719291098,11.863660179488807,0.0003804859369250422,61,360,False
sub-091,4,lab_5,EEG2,49.5,50.5,1.1274123369874306e-06,2.6155867703013546e-05,2.198371111442918e-06,2.1650387727370255e-06,0.5128396285228732,12.08101025781504,-2.9001842306748067,10.82103253080592,0.0002332172187210013,61,360,False
sub-092,1,lab_5,EEG1,49.5,50.5,1.0680438972984982e-05,8.014008231448323e-05,7.675893720773274e-06,7.4925426863674335e-06,1.3914259329378909,10.695977984125319,1.434600933347728,10.292205003326217,0.0027730919001974644,61,360,False
sub-092,1,lab_5,EEG2,49.5,50.5,9.82916411904256e-06,8.309227222428272e-05,6.89360020562798e-06,6.791427412016196e-06,1.4258388070110535,12.234874194840376,1.5407043071771929,10.875995080754596,0.0026436788762296973,61,360,False
sub-092,2,lab_5,EEG1,49.5,50.5,9.268090397426449e-06,8.223044046341228e-05,5.901079888095439e-06,5.7643974309857986e-06,1.5705750477210803,14.265224974976206,1.960586933820025,11.542786252479647,0.002005140115690501,61,360,False
sub-092,2,lab_5,EEG2,49.5,50.5,8.39375217288295e-06,7.657676011326215e-05,5.0444905892251195e-06,4.903294915677801e-06,1.6639441308241545,15.617405400399264,2.211387401748481,11.936088839659968,0.0019384813799986748,61,360,False
